Workbook

Sheet DataLogger
A1: TOA5 | B1: MyDatalogger | C1: CR1000 | D1: 40327 | E1: CR1000.Std.21 | F1: Table1 | H1: חיישן רטיבות קרקע
A2: TIMESTAMP | C2: RECORD | D2: PTemp_C_Avg | E2: SlrW_Avg | F2: DriWet_C1_Avg(1) | G2: DriWet_C1_Avg(2) | H2: Res1Calib_Avg | I2: Res2Temp_Avg | J2: Res3EC_Avg | K2: RH, %
F3: Twb | G3: Tdb
A4: TS | C4: RN | D4: Deg C | E4: W/m^2 | F4: Deg C | G4: Deg C | H4: calibratedCountsVWC | I4: Deg C | J4: μS/cm
D5: Avg | E5: Avg | F5: Avg | G5: Avg | H5: VWCmineral | I5: Avg | J5: Avg
A6: 45879 | B6: 0.52083333 | C6: 0 | D6: 44.25 | E6: 685.6 | F6: 27.73 | G6: NAN | H6: 0.0906733 | I6: 37.7 | J6: 141.6 | K6: =100*((0.6108*EXP(17.27*F6/(F6+237.3)) - 0.066*(G6-F6)) / (0.6108*EXP(17.27*G6/(G6+237.3)))) -> #VALUE!
A7: 45879 | B7: 0.52777778 | C7: 1 | D7: 44.24 | E7: 776.2 | F7: 28.17 | G7: NAN | H7: 0.2826838 | I7: 37.82 | J7: 142 | K7: =100*((0.6108*EXP(17.27*F7/(F7+237.3)) - 0.066*(G7-F7)) / (0.6108*EXP(17.27*G7/(G7+237.3)))) -> #VALUE!
A8: 45879 | B8: 0.53472222 | C8: 2 | D8: 44.25 | E8: 805 | F8: 27.9 | G8: NAN | H8: 0.2124739 | I8: 37.41 | J8: 142.3 | K8: =100*((0.6108*EXP(17.27*F8/(F8+237.3)) - 0.066*(G8-F8)) / (0.6108*EXP(17.27*G8/(G8+237.3)))) -> #VALUE!
A9: 45879 | B9: 0.54166667 | C9: 3 | D9: 44.12 | E9: 811 | F9: 27.6 | G9: NAN | H9: 0.00262 | I9: 37.07 | J9: 142.4 | K9: =100*((0.6108*EXP(17.27*F9/(F9+237.3)) - 0.066*(G9-F9)) / (0.6108*EXP(17.27*G9/(G9+237.3)))) -> #VALUE!
A10: 45879 | B10: 0.54861111 | C10: 4 | D10: 43.92 | E10: 814 | F10: 27.65 | G10: NAN | H10: 0.2570824 | I10: 39.13 | J10: 146.5 | K10: =100*((0.6108*EXP(17.27*F10/(F10+237.3)) - 0.066*(G10-F10)) / (0.6108*EXP(17.27*G10/(G10+237.3)))) -> #VALUE!
A11: 45879 | B11: 0.55555556 | C11: 5 | D11: 43.81 | E11: 729 | F11: 27.81 | G11: NAN | H11: 0.2415664 | I11: 39.51 | J11: 131.9 | K11: =100*((0.6108*EXP(17.27*F11/(F11+237.3)) - 0.066*(G11-F11)) / (0.6108*EXP(17.27*G11/(G11+237.3)))) -> #VALUE!
A12: 45879 | B12: 0.5625 | C12: 6 | D12: 43.93 | E12: 722.8 | F12: 27.84 | G12: NAN | H12: 0.2555308 | I12: 39.68 | J12: 129.4 | K12: =100*((0.6108*EXP(17.27*F12/(F12+237.3)) - 0.066*(G12-F12)) / (0.6108*EXP(17.27*G12/(G12+237.3)))) -> #VALUE!
A13: 45879 | B13: 0.56944444 | C13: 7 | D13: 43.96 | E13: 762.1 | F13: 27.52 | G13: NAN | H13: 0.3071215 | I13: 39.8 | J13: 128.5 | K13: =100*((0.6108*EXP(17.27*F13/(F13+237.3)) - 0.066*(G13-F13)) / (0.6108*EXP(17.27*G13/(G13+237.3)))) -> #VALUE!
A14: 45879 | B14: 0.57638889 | C14: 8 | D14: 43.85 | E14: 709.7 | F14: 27.72 | G14: NAN | H14: 0.0076627 | I14: 38.47 | J14: 129 | K14: =100*((0.6108*EXP(17.27*F14/(F14+237.3)) - 0.066*(G14-F14)) / (0.6108*EXP(17.27*G14/(G14+237.3)))) -> #VALUE!
A15: 45879 | B15: 0.58333333 | C15: 9 | D15: 43.8 | E15: 688.2 | F15: 27.6 | G15: NAN | H15: 0.0778726 | I15: 39.8 | J15: 128.9 | K15: =100*((0.6108*EXP(17.27*F15/(F15+237.3)) - 0.066*(G15-F15)) / (0.6108*EXP(17.27*G15/(G15+237.3)))) -> #VALUE!
A16: 45879 | B16: 0.59027778 | C16: 10 | D16: 43.71 | E16: 672.7 | F16: 27.32 | G16: NAN | H16: 0.2357479 | I16: 39.69 | J16: 129.6 | K16: =100*((0.6108*EXP(17.27*F16/(F16+237.3)) - 0.066*(G16-F16)) / (0.6108*EXP(17.27*G16/(G16+237.3)))) -> #VALUE!
A17: 45879 | B17: 0.59722222 | C17: 11 | D17: 43.42 | E17: 659.3 | F17: 27.28 | G17: NAN | H17: 0.3059578 | I17: 39.54 | J17: 130.3 | K17: =100*((0.6108*EXP(17.27*F17/(F17+237.3)) - 0.066*(G17-F17)) / (0.6108*EXP(17.27*G17/(G17+237.3)))) -> #VALUE!
... A40: 45879 | B40: 0.75694444 | C40: 34 | D40: 34.99 | E40: 11.01 | F40: 24.63 | G40: NAN | H40: 0.1484704 | I40: 33.7 | J40: 149 | K40: =100*((0.6108*EXP(17.27*F40/(F40+237.3)) - 0.066*(G40-F40)) / (0.6108*EXP(17.27*G40/(G40+237.3)))) -> #VALUE!
A41: 45879 | B41: 0.76388889 | C41: 35 | D41: 34.74 | E41: 5.565 | F41: 24.79 | G41: NAN | H41: #VALUE! | I41: 31.9 | J41: 149.8 | K41: =100*((0.6108*EXP(17.27*F41/(F41+237.3)) - 0.066*(G41-F41)) / (0.6108*EXP(17.27*G41/(G41+237.3)))) -> #VALUE!
A42: 45879 | B42: 0.77083333 | C42: 36 | D42: 34.57 | E42: 2.657 | F42: 24.31 | G42: NAN | H42: 0.2539792 | I42: 33.84 | J42: 150.3 | K42: =100*((0.6108*EXP(17.27*F42/(F42+237.3)) - 0.066*(G42-F42)) / (0.6108*EXP(17.27*G42/(G42+237.3)))) -> #VALUE!
A43: 45879 | B43: 0.77777778 | C43: 37 | D43: 34.41 | E43: 0.977 | F43: 24.04 | G43: NAN | H43: #VALUE! | I43: 33.06 | J43: 151 | K43: =100*((0.6108*EXP(17.27*F43/(F43+237.3)) - 0.066*(G43-F43)) / (0.6108*EXP(17.27*G43/(G43+237.3)))) -> #VALUE!
A44: 45879 | B44: 0.78472222 | C44: 38 | D44: 34.22 | E44: 0.234 | F44: 23.81 | G44: NAN | H44: #VALUE! | I44: 32.78 | J44: 151.3 | K44: =100*((0.6108*EXP(17.27*F44/(F44+237.3)) - 0.066*(G44-F44)) / (0.6108*EXP(17.27*G44/(G44+237.3)))) -> #VALUE!
A45: 45879 | B45: 0.79166667 | C45: 39 | D45: 34.08 | E45: 0 | F45: 23.78 | G45: NAN | H45: 0.3071215 | I45: 31.71 | J45: 152.2 | K45: =100*((0.6108*EXP(17.27*F45/(F45+237.3)) - 0.066*(G45-F45)) / (0.6108*EXP(17.27*G45/(G45+237.3)))) -> #VALUE!
A46: 45879 | B46: 0.79861111 | C46: 40 | D46: 33.92 | E46: 0 | F46: 23.62 | G46: NAN | H46: 0.2900539 | I46: 31.91 | J46: 152.7 | K46: =100*((0.6108*EXP(17.27*F46/(F46+237.3)) - 0.066*(G46-F46)) / (0.6108*EXP(17.27*G46/(G46+237.3)))) -> #VALUE!
A47: 45879 | B47: 0.80555556 | C47: 41 | D47: 33.76 | E47: 0 | F47: 23.69 | G47: NAN | H47: 0.254755 | I47: 32.82 | J47: 152.9 | K47: =100*((0.6108*EXP(17.27*F47/(F47+237.3)) - 0.066*(G47-F47)) / (0.6108*EXP(17.27*G47/(G47+237.3)))) -> #VALUE!
A48: 45879 | B48: 0.8125 | C48: 42 | D48: 33.63 | E48: 0 | F48: 23.55 | G48: NAN | H48: 0.2904418 | I48: 32.63 | J48: 153.5 | K48: =100*((0.6108*EXP(17.27*F48/(F48+237.3)) - 0.066*(G48-F48)) / (0.6108*EXP(17.27*G48/(G48+237.3)))) -> #VALUE!
A49: 45879 | B49: 0.81944444 | C49: 43 | D49: 33.53 | E49: 0.003 | F49: 23.51 | G49: NAN | H49: 0.3082852 | I49: 32.45 | J49: 154.2 | K49: =100*((0.6108*EXP(17.27*F49/(F49+237.3)) - 0.066*(G49-F49)) / (0.6108*EXP(17.27*G49/(G49+237.3)))) -> #VALUE!
A50: 45879 | B50: 0.82638889 | C50: 44 | D50: 33.47 | E50: 0.017 | F50: 23.53 | G50: NAN | H50: 0.2202319 | I50: 32.25 | J50: 154.2 | K50: =100*((0.6108*EXP(17.27*F50/(F50+237.3)) - 0.066*(G50-F50)) / (0.6108*EXP(17.27*G50/(G50+237.3)))) -> #VALUE!
A51: 45879 | B51: 0.83333333 | C51: 45 | D51: 33.36 | E51: 0.02 | F51: 23.53 | G51: NAN | H51: 0.2908297 | I51: 32.06 | J51: 154.9 | K51: =100*((0.6108*EXP(17.27*F51/(F51+237.3)) - 0.066*(G51-F51)) / (0.6108*EXP(17.27*G51/(G51+237.3)))) -> #VALUE!
A52: 45879 | B52: 0.84027778 | C52: 46 | D52: 33.25 | E52: 0.116 | F52: 23.51 | G52: NAN | H52: 0.2380753 | I52: 31.89 | J52: 155.4 | K52: =100*((0.6108*EXP(17.27*F52/(F52+237.3)) - 0.066*(G52-F52)) / (0.6108*EXP(17.27*G52/(G52+237.3)))) -> #VALUE!
A53: 45879 | B53: 0.84722222 | C53: 47 | D53: 33.13 | E53: 0.043 | F53: 23.27 | G53: NAN | H53: 0.2733742 | I53: 31.74 | J53: 155.8 | K53: =100*((0.6108*EXP(17.27*F53/(F53+237.3)) - 0.066*(G53-F53)) / (0.6108*EXP(17.27*G53/(G53+237.3)))) -> #VALUE!
A54: 45879 | B54: 0.85416667 | C54: 48 | D54: 33.03 | E54: 0.132 | F54: 23.13 | G54: NAN | H54: 0.2384632 | I54: 31.57 | J54: 156.1 | K54: =100*((0.6108*EXP(17.27*F54/(F54+237.3)) - 0.066*(G54-F54)) / (0.6108*EXP(17.27*G54/(G54+237.3)))) -> #VALUE!
A55: 45879 | B55: 0.86111111 | C55: 49 | D55: 32.87 | E55: 0.066 | F55: 22.94 | G55: NAN | H55: 0.2916055 | I55: 31.39 | J55: 156.8 | K55: =100*((0.6108*EXP(17.27*F55/(F55+237.3)) - 0.066*(G55-F55)) / (0.6108*EXP(17.27*G55/(G55+237.3)))) -> #VALUE!
A56: 45879 | B56: 0.86805556 | C56: 50 | D56: 32.72 | E56: 0.069 | F56: 23.04 | G56: NAN | H56: 0.2388511 | I56: 31.24 | J56: 156.9 | K56: =100*((0.6108*EXP(17.27*F56/(F56+237.3)) - 0.066*(G56-F56)) / (0.6108*EXP(17.27*G56/(G56+237.3)))) -> #VALUE!
... A120: 45880 | B120: 0.54166667 | C120: 114 | D120: 43.49 | E120: 758.3 | F120: 28.19 | G120: NAN | H120: 0.1996732 | I120: 37.29 | J120: 248.8 | K120: =100*((0.6108*EXP(17.27*F120/(F120+237.3)) - 0.066*(G120-F120)) / (0.6108*EXP(17.27*G120/(G120+237.3)))) -> #VALUE!
A121: 45880 | B121: 0.54861111 | C121: 115 | D121: 43.61 | E121: 739.2 | F121: 28.24 | G121: NAN | H121: #VALUE! | I121: 39.08 | J121: 208.9 | K121: =100*((0.6108*EXP(17.27*F121/(F121+237.3)) - 0.066*(G121-F121)) / (0.6108*EXP(17.27*G121/(G121+237.3)))) -> #VALUE!
A122: 45880 | B122: 0.55555556 | C122: 116 | D122: 43.76 | E122: 680 | F122: 27.96 | G122: NAN | H122: 0.3707371 | I122: 39.6 | J122: 169.4 | K122: =100*((0.6108*EXP(17.27*F122/(F122+237.3)) - 0.066*(G122-F122)) / (0.6108*EXP(17.27*G122/(G122+237.3)))) -> #VALUE!
A123: 45880 | B123: 0.5625 | C123: 117 | D123: 43.68 | E123: 682.9 | F123: 27.97 | G123: NAN | H123: 0.2962603 | I123: 39.52 | J123: 168.5 | K123: =100*((0.6108*EXP(17.27*F123/(F123+237.3)) - 0.066*(G123-F123)) / (0.6108*EXP(17.27*G123/(G123+237.3)))) -> #VALUE!
A124: 45880 | B124: 0.56944444 | C124: 118 | D124: 43.53 | E124: 709.6 | F124: 28.03 | G124: NAN | H124: 0.2423422 | I124: 39.5 | J124: 169 | K124: =100*((0.6108*EXP(17.27*F124/(F124+237.3)) - 0.066*(G124-F124)) / (0.6108*EXP(17.27*G124/(G124+237.3)))) -> #VALUE!
A125: 45880 | B125: 0.57638889 | C125: 119 | D125: 43.45 | E125: 561.6 | F125: 27.64 | G125: NAN | H125: 0.188812 | I125: 39.44 | J125: 169.6 | K125: =100*((0.6108*EXP(17.27*F125/(F125+237.3)) - 0.066*(G125-F125)) / (0.6108*EXP(17.27*G125/(G125+237.3)))) -> #VALUE!
A126: 45880 | B126: 0.58333333 | C126: 120 | D126: 43.29 | E126: 644.7 | F126: 27.68 | G126: NAN | H126: 0.1178263 | I126: 39.15 | J126: 171.2 | K126: =100*((0.6108*EXP(17.27*F126/(F126+237.3)) - 0.066*(G126-F126)) / (0.6108*EXP(17.27*G126/(G126+237.3)))) -> #VALUE!
A127: 45880 | B127: 0.59027778 | C127: 121 | D127: 43.05 | E127: 636.6 | F127: 27.53 | G127: NAN | H127: 0.1876483 | I127: 38.78 | J127: 172.5 | K127: =100*((0.6108*EXP(17.27*F127/(F127+237.3)) - 0.066*(G127-F127)) / (0.6108*EXP(17.27*G127/(G127+237.3)))) -> #VALUE!
A128: 45880 | B128: 0.59722222 | C128: 122 | D128: 42.69 | E128: 608.5 | F128: 27.31 | G128: NAN | H128: 0.2221714 | I128: 38.6 | J128: 173.4 | K128: =100*((0.6108*EXP(17.27*F128/(F128+237.3)) - 0.066*(G128-F128)) / (0.6108*EXP(17.27*G128/(G128+237.3)))) -> #VALUE!
A129: 45880 | B129: 0.60416667 | C129: 123 | D129: 42.33 | E129: 489.2 | F129: 27.14 | G129: NAN | H129: 0.2923813 | I129: 38.6 | J129: 174.3 | K129: =100*((0.6108*EXP(17.27*F129/(F129+237.3)) - 0.066*(G129-F129)) / (0.6108*EXP(17.27*G129/(G129+237.3)))) -> #VALUE!
A130: 45880 | B130: 0.61111111 | C130: 124 | D130: 41.86 | E130: 292.6 | F130: 27.04 | G130: NAN | H130: #VALUE! | I130: 38.53 | J130: 175.5 | K130: =100*((0.6108*EXP(17.27*F130/(F130+237.3)) - 0.066*(G130-F130)) / (0.6108*EXP(17.27*G130/(G130+237.3)))) -> #VALUE!
A131: 45880 | B131: 0.61805556 | C131: 125 | D131: 41.36 | E131: 222.6 | F131: 27.16 | G131: NAN | H131: 0.2613493 | I131: 38.28 | J131: 176.8 | K131: =100*((0.6108*EXP(17.27*F131/(F131+237.3)) - 0.066*(G131-F131)) / (0.6108*EXP(17.27*G131/(G131+237.3)))) -> #VALUE!
A132: 45880 | B132: 0.625 | C132: 126 | D132: 40.84 | E132: 202.7 | F132: 26.77 | G132: NAN | H132: 0.1507978 | I132: 38 | J132: 178.7 | K132: =100*((0.6108*EXP(17.27*F132/(F132+237.3)) - 0.066*(G132-F132)) / (0.6108*EXP(17.27*G132/(G132+237.3)))) -> #VALUE!
A133: 45880 | B133: 0.63194444 | C133: 127 | D133: 40.39 | E133: 187.1 | F133: 26.93 | G133: NAN | H133: 0.2384632 | I133: 37.83 | J133: 180.4 | K133: =100*((0.6108*EXP(17.27*F133/(F133+237.3)) - 0.066*(G133-F133)) / (0.6108*EXP(17.27*G133/(G133+237.3)))) -> #VALUE!
A134: 45880 | B134: 0.63888889 | C134: 128 | D134: 40.02 | E134: 179.9 | F134: 26.35 | G134: NAN | H134: 0.1857088 | I134: 37.62 | J134: 182.3 | K134: =100*((0.6108*EXP(17.27*F134/(F134+237.3)) - 0.066*(G134-F134)) / (0.6108*EXP(17.27*G134/(G134+237.3)))) -> #VALUE!
A135: 45880 | B135: 0.64583333 | C135: 129 | D135: 39.66 | E135: 179.5 | F135: 26.18 | G135: NAN | H135: 0.2912176 | I135: 37.34 | J135: 183.5 | K135: =100*((0.6108*EXP(17.27*F135/(F135+237.3)) - 0.066*(G135-F135)) / (0.6108*EXP(17.27*G135/(G135+237.3)))) -> #VALUE!
A136: 45880 | B136: 0.65277778 | C136: 130 | D136: 39.37 | E136: 235.2 | F136: 26.19 | G136: NAN | H136: 0.2031643 | I136: 37.1 | J136: 185.3 | K136: =100*((0.6108*EXP(17.27*F136/(F136+237.3)) - 0.066*(G136-F136)) / (0.6108*EXP(17.27*G136/(G136+237.3)))) -> #VALUE!
A137: 45880 | B137: 0.65972222 | C137: 131 | D137: 39.13 | E137: 208.1 | F137: 26.03 | G137: NAN | H137: 0.2737621 | I137: 36.81 | J137: 187.4 | K137: =100*((0.6108*EXP(17.27*F137/(F137+237.3)) - 0.066*(G137-F137)) / (0.6108*EXP(17.27*G137/(G137+237.3)))) -> #VALUE!
A138: 45880 | B138: 0.66666667 | C138: 132 | D138: 38.93 | E138: 233.2 | F138: 26.09 | G138: NAN | H138: 0.309061 | I138: 36.57 | J138: 189.1 | K138: =100*((0.6108*EXP(17.27*F138/(F138+237.3)) - 0.066*(G138-F138)) / (0.6108*EXP(17.27*G138/(G138+237.3)))) -> #VALUE!
A139: 45880 | B139: 0.67361111 | C139: 133 | D139: 38.64 | E139: 166.4 | F139: 26.2 | G139: NAN | H139: #VALUE! | I139: 36.43 | J139: 191 | K139: =100*((0.6108*EXP(17.27*F139/(F139+237.3)) - 0.066*(G139-F139)) / (0.6108*EXP(17.27*G139/(G139+237.3)))) -> #VALUE!
A140: 45880 | B140: 0.68055556 | C140: 134 | D140: 38.36 | E140: 141 | F140: 26.18 | G140: NAN | H140: 0.2559187 | I140: 36.3 | J140: 191.9 | K140: =100*((0.6108*EXP(17.27*F140/(F140+237.3)) - 0.066*(G140-F140)) / (0.6108*EXP(17.27*G140/(G140+237.3)))) -> #VALUE!
A141: 45880 | B141: 0.6875 | C141: 135 | D141: 38.05 | E141: 131.5 | F141: 25.86 | G141: NAN | H141: 0.150022 | I141: 36.11 | J141: 194 | K141: =100*((0.6108*EXP(17.27*F141/(F141+237.3)) - 0.066*(G141-F141)) / (0.6108*EXP(17.27*G141/(G141+237.3)))) -> #VALUE!
A142: 45880 | B142: 0.69444444 | C142: 136 | D142: 37.66 | E142: 117.4 | F142: 25.7 | G142: NAN | H142: 0.1853209 | I142: 35.83 | J142: 195.6 | K142: =100*((0.6108*EXP(17.27*F142/(F142+237.3)) - 0.066*(G142-F142)) / (0.6108*EXP(17.27*G142/(G142+237.3)))) -> #VALUE!
A143: 45880 | B143: 0.70138889 | C143: 137 | D143: 37.36 | E143: 107 | F143: 25.61 | G143: NAN | H143: 0.2380753 | I143: 35.53 | J143: 197.2 | K143: =100*((0.6108*EXP(17.27*F143/(F143+237.3)) - 0.066*(G143-F143)) / (0.6108*EXP(17.27*G143/(G143+237.3)))) -> #VALUE!
A144: 45880 | B144: 0.70833333 | C144: 138 | D144: 37.16 | E144: 114.8 | F144: 25.81 | G144: NAN | H144: 0.2380753 | I144: 28.79 | J144: 199.5 | K144: =100*((0.6108*EXP(17.27*F144/(F144+237.3)) - 0.066*(G144-F144)) / (0.6108*EXP(17.27*G144/(G144+237.3)))) -> #VALUE!
A145: 45880 | B145: 0.71527778 | C145: 139 | D145: 37.01 | E145: 130.1 | F145: 26.02 | G145: NAN | H145: 0.1678654 | I145: 32.08 | J145: 200.4 | K145: =100*((0.6108*EXP(17.27*F145/(F145+237.3)) - 0.066*(G145-F145)) / (0.6108*EXP(17.27*G145/(G145+237.3)))) -> #VALUE!
A146: 45880 | B146: 0.72222222 | C146: 140 | D146: 36.73 | E146: 114.3 | F146: 25.91 | G146: NAN | H146: 0.2031643 | I146: 32.44 | J146: 202.3 | K146: =100*((0.6108*EXP(17.27*F146/(F146+237.3)) - 0.066*(G146-F146)) / (0.6108*EXP(17.27*G146/(G146+237.3)))) -> #VALUE!
A147: 45880 | B147: 0.72916667 | C147: 141 | D147: 36.47 | E147: 86 | F147: 26.12 | G147: NAN | H147: 0.2559187 | I147: 34.52 | J147: 204.1 | K147: =100*((0.6108*EXP(17.27*F147/(F147+237.3)) - 0.066*(G147-F147)) / (0.6108*EXP(17.27*G147/(G147+237.3)))) -> #VALUE!
A148: 45880 | B148: 0.73611111 | C148: 142 | D148: 36.12 | E148: 58.8 | F148: 26.08 | G148: NAN | H148: 0.2912176 | I148: 33.72 | J148: 205.6 | K148: =100*((0.6108*EXP(17.27*F148/(F148+237.3)) - 0.066*(G148-F148)) / (0.6108*EXP(17.27*G148/(G148+237.3)))) -> #VALUE!
A149: 45880 | B149: 0.74305556 | C149: 143 | D149: 35.77 | E149: 40.3 | F149: 26.19 | G149: NAN | H149: 0.1678654 | I149: 34.08 | J149: 206.7 | K149: =100*((0.6108*EXP(17.27*F149/(F149+237.3)) - 0.066*(G149-F149)) / (0.6108*EXP(17.27*G149/(G149+237.3)))) -> #VALUE!
A150: 45880 | B150: 0.75 | C150: 144 | D150: 35.49 | E150: 27.15 | F150: 26.04 | G150: NAN | H150: 0.150022 | I150: 33.28 | J150: 208 | K150: =100*((0.6108*EXP(17.27*F150/(F150+237.3)) - 0.066*(G150-F150)) / (0.6108*EXP(17.27*G150/(G150+237.3)))) -> #VALUE!
A151: 45880 | B151: 0.75694444 | C151: 145 | D151: 35.21 | E151: 17 | F151: 25.99 | G151: NAN | H151: 0.1504099 | I151: 33.61 | J151: 209.4 | K151: =100*((0.6108*EXP(17.27*F151/(F151+237.3)) - 0.066*(G151-F151)) / (0.6108*EXP(17.27*G151/(G151+237.3)))) -> #VALUE!
... A153: 45880 | B153: 0.77083333 | C153: 147 | D153: 34.62 | E153: 3.724 | F153: 26.14 | G153: NAN | H153: 0.2210077 | I153: 31.46 | J153: 212.2 | K153: =100*((0.6108*EXP(17.27*F153/(F153+237.3)) - 0.066*(G153-F153)) / (0.6108*EXP(17.27*G153/(G153+237.3)))) -> #VALUE!
A154: 45880 | B154: 0.77777778 | C154: 148 | D154: 34.34 | E154: 1.225 | F154: 26.01 | G154: NAN | H154: #VALUE! | I154: 32.98 | J154: 213.7 | K154: =100*((0.6108*EXP(17.27*F154/(F154+237.3)) - 0.066*(G154-F154)) / (0.6108*EXP(17.27*G154/(G154+237.3)))) -> #VALUE!
A155: 45880 | B155: 0.78472222 | C155: 149 | D155: 34.14 | E155: 0.337 | F155: 26.06 | G155: NAN | H155: 0.2916055 | I155: 32.26 | J155: 214.6 | K155: =100*((0.6108*EXP(17.27*F155/(F155+237.3)) - 0.066*(G155-F155)) / (0.6108*EXP(17.27*G155/(G155+237.3)))) -> #VALUE!
A156: 45880 | B156: 0.79166667 | C156: 150 | D156: 33.94 | E156: 0.063 | F156: 26.01 | G156: NAN | H156: 0.27415 | I156: 32.66 | J156: 215.6 | K156: =100*((0.6108*EXP(17.27*F156/(F156+237.3)) - 0.066*(G156-F156)) / (0.6108*EXP(17.27*G156/(G156+237.3)))) -> #VALUE!
A157: 45880 | B157: 0.79861111 | C157: 151 | D157: 33.76 | E157: 0.023 | F157: 25.95 | G157: NAN | H157: 0.2213956 | I157: 32.5 | J157: 216.4 | K157: =100*((0.6108*EXP(17.27*F157/(F157+237.3)) - 0.066*(G157-F157)) / (0.6108*EXP(17.27*G157/(G157+237.3)))) -> #VALUE!
A158: 45880 | B158: 0.80555556 | C158: 152 | D158: 33.59 | E158: 0.003 | F158: 25.91 | G158: NAN | H158: 0.2039401 | I158: 32.34 | J158: 217.7 | K158: =100*((0.6108*EXP(17.27*F158/(F158+237.3)) - 0.066*(G158-F158)) / (0.6108*EXP(17.27*G158/(G158+237.3)))) -> #VALUE!
A159: 45880 | B159: 0.8125 | C159: 153 | D159: 33.44 | E159: 0.007 | F159: 25.87 | G159: NAN | H159: 0.2039401 | I159: 31.27 | J159: 218.3 | K159: =100*((0.6108*EXP(17.27*F159/(F159+237.3)) - 0.066*(G159-F159)) / (0.6108*EXP(17.27*G159/(G159+237.3)))) -> #VALUE!
A160: 45880 | B160: 0.81944444 | C160: 154 | D160: 33.41 | E160: 0.007 | F160: 25.83 | G160: NAN | H160: 0.1690291 | I160: 29.94 | J160: 219.4 | K160: =100*((0.6108*EXP(17.27*F160/(F160+237.3)) - 0.066*(G160-F160)) / (0.6108*EXP(17.27*G160/(G160+237.3)))) -> #VALUE!
A161: 45880 | B161: 0.82638889 | C161: 155 | D161: 33.34 | E161: 0.007 | F161: 25.67 | G161: NAN | H161: 0.1515736 | I161: 31.95 | J161: 220.1 | K161: =100*((0.6108*EXP(17.27*F161/(F161+237.3)) - 0.066*(G161-F161)) / (0.6108*EXP(17.27*G161/(G161+237.3)))) -> #VALUE!
A162: 45880 | B162: 0.83333333 | C162: 156 | D162: 33.25 | E162: 0.05 | F162: 25.6 | G162: NAN | H162: 0.0988192 | I162: 31.78 | J162: 221.2 | K162: =100*((0.6108*EXP(17.27*F162/(F162+237.3)) - 0.066*(G162-F162)) / (0.6108*EXP(17.27*G162/(G162+237.3)))) -> #VALUE!
A163: 45880 | B163: 0.84027778 | C163: 157 | D163: 33.14 | E163: 0.069 | F163: 25.5 | G163: NAN | H163: 0.0456769 | I163: 31.12 | J163: 222 | K163: =100*((0.6108*EXP(17.27*F163/(F163+237.3)) - 0.066*(G163-F163)) / (0.6108*EXP(17.27*G163/(G163+237.3)))) -> #VALUE!
A164: 45880 | B164: 0.84722222 | C164: 158 | D164: 33.04 | E164: 0.04 | F164: 25.39 | G164: NAN | H164: #VALUE! | I164: 31.5 | J164: 223 | K164: =100*((0.6108*EXP(17.27*F164/(F164+237.3)) - 0.066*(G164-F164)) / (0.6108*EXP(17.27*G164/(G164+237.3)))) -> #VALUE!
A165: 45880 | B165: 0.85416667 | C165: 159 | D165: 32.95 | E165: 0.059 | F165: 25.48 | G165: NAN | H165: 0.2047159 | I165: 30.87 | J165: 223.7 | K165: =100*((0.6108*EXP(17.27*F165/(F165+237.3)) - 0.066*(G165-F165)) / (0.6108*EXP(17.27*G165/(G165+237.3)))) -> #VALUE!
A166: 45880 | B166: 0.86111111 | C166: 160 | D166: 32.83 | E166: 0.05 | F166: 25.36 | G166: NAN | H166: 0.0460648 | I166: 30.22 | J166: 224.5 | K166: =100*((0.6108*EXP(17.27*F166/(F166+237.3)) - 0.066*(G166-F166)) / (0.6108*EXP(17.27*G166/(G166+237.3)))) -> #VALUE!
A167: 45880 | B167: 0.86805556 | C167: 161 | D167: 32.69 | E167: 0.188 | F167: 25.02 | G167: NAN | H167: #VALUE! | I167: 31.14 | J167: 224.7 | K167: =100*((0.6108*EXP(17.27*F167/(F167+237.3)) - 0.066*(G167-F167)) / (0.6108*EXP(17.27*G167/(G167+237.3)))) -> #VALUE!
A168: 45880 | B168: 0.875 | C168: 162 | D168: 32.61 | E168: 0.188 | F168: 25.06 | G168: NAN | H168: 0.1341181 | I168: 30.99 | J168: 225.7 | K168: =100*((0.6108*EXP(17.27*F168/(F168+237.3)) - 0.066*(G168-F168)) / (0.6108*EXP(17.27*G168/(G168+237.3)))) -> #VALUE!
A169: 45880 | B169: 0.88194444 | C169: 163 | D169: 32.48 | E169: 0.125 | F169: 25.02 | G169: NAN | H169: 0.2404027 | I169: 30.36 | J169: 226.6 | K169: =100*((0.6108*EXP(17.27*F169/(F169+237.3)) - 0.066*(G169-F169)) / (0.6108*EXP(17.27*G169/(G169+237.3)))) -> #VALUE!
A170: 45880 | B170: 0.88888889 | C170: 164 | D170: 32.39 | E170: 0.073 | F170: 24.93 | G170: NAN | H170: 0.2051038 | I170: 30.76 | J170: 227.1 | K170: =100*((0.6108*EXP(17.27*F170/(F170+237.3)) - 0.066*(G170-F170)) / (0.6108*EXP(17.27*G170/(G170+237.3)))) -> #VALUE!
A171: 45880 | B171: 0.89583333 | C171: 165 | D171: 32.34 | E171: 0.182 | F171: 25.11 | G171: NAN | H171: -0.0066896 | I171: 30.65 | J171: 227.4 | K171: =100*((0.6108*EXP(17.27*F171/(F171+237.3)) - 0.066*(G171-F171)) / (0.6108*EXP(17.27*G171/(G171+237.3)))) -> #VALUE!
A172: 45880 | B172: 0.90277778 | C172: 166 | D172: 32.26 | E172: 0.046 | F172: 25.67 | G172: NAN | H172: 0.1170505 | I172: 29.98 | J172: 228.8 | K172: =100*((0.6108*EXP(17.27*F172/(F172+237.3)) - 0.066*(G172-F172)) / (0.6108*EXP(17.27*G172/(G172+237.3)))) -> #VALUE!
A173: 45880 | B173: 0.90972222 | C173: 167 | D173: 32.2 | E173: 0 | F173: 25.63 | G173: NAN | H173: 0.1170505 | I173: 30.5 | J173: 228.9 | K173: =100*((0.6108*EXP(17.27*F173/(F173+237.3)) - 0.066*(G173-F173)) / (0.6108*EXP(17.27*G173/(G173+237.3)))) -> #VALUE!
A174: 45880 | B174: 0.91666667 | C174: 168 | D174: 32.15 | E174: 0.059 | F174: 25.54 | G174: NAN | H174: 0.1880362 | I174: 30.43 | J174: 229.7 | K174: =100*((0.6108*EXP(17.27*F174/(F174+237.3)) - 0.066*(G174-F174)) / (0.6108*EXP(17.27*G174/(G174+237.3)))) -> #VALUE!
A175: 45880 | B175: 0.92361111 | C175: 169 | D175: 32.1 | E175: 0.162 | F175: 25.09 | G175: NAN | H175: 0.0817516 | I175: 30.31 | J175: 230.9 | K175: =100*((0.6108*EXP(17.27*F175/(F175+237.3)) - 0.066*(G175-F175)) / (0.6108*EXP(17.27*G175/(G175+237.3)))) -> #VALUE!
A176: 45880 | B176: 0.93055556 | C176: 170 | D176: 32.06 | E176: 0.122 | F176: 25.44 | G176: NAN | H176: 0.0293851 | I176: 27.65 | J176: 231 | K176: =100*((0.6108*EXP(17.27*F176/(F176+237.3)) - 0.066*(G176-F176)) / (0.6108*EXP(17.27*G176/(G176+237.3)))) -> #VALUE!
A177: 45880 | B177: 0.9375 | C177: 171 | D177: 32 | E177: 0.069 | F177: 25.54 | G177: NAN | H177: #VALUE! | I177: 27.59 | J177: 231.5 | K177: =100*((0.6108*EXP(17.27*F177/(F177+237.3)) - 0.066*(G177-F177)) / (0.6108*EXP(17.27*G177/(G177+237.3)))) -> #VALUE!
A178: 45880 | B178: 0.94444444 | C178: 172 | D178: 31.94 | E178: 0.089 | F178: 25.59 | G178: NAN | H178: 0.099595 | I178: 30.02 | J178: 232 | K178: =100*((0.6108*EXP(17.27*F178/(F178+237.3)) - 0.066*(G178-F178)) / (0.6108*EXP(17.27*G178/(G178+237.3)))) -> #VALUE!
A179: 45880 | B179: 0.95138889 | C179: 173 | D179: 31.89 | E179: 0.122 | F179: 25.81 | G179: NAN | H179: 0.0821395 | I179: 29.99 | J179: 232.9 | K179: =100*((0.6108*EXP(17.27*F179/(F179+237.3)) - 0.066*(G179-F179)) / (0.6108*EXP(17.27*G179/(G179+237.3)))) -> #VALUE!
A180: 45880 | B180: 0.95833333 | C180: 174 | D180: 31.81 | E180: 0.165 | F180: 25.74 | G180: NAN | H180: 0.0821395 | I180: 29.9 | J180: 233.3 | K180: =100*((0.6108*EXP(17.27*F180/(F180+237.3)) - 0.066*(G180-F180)) / (0.6108*EXP(17.27*G180/(G180+237.3)))) -> #VALUE!
A181: 45880 | B181: 0.96527778 | C181: 175 | D181: 31.8 | E181: 0.03 | F181: 25.76 | G181: NAN | H181: 0.1531252 | I181: 29.82 | J181: 234.3 | K181: =100*((0.6108*EXP(17.27*F181/(F181+237.3)) - 0.066*(G181-F181)) / (0.6108*EXP(17.27*G181/(G181+237.3)))) -> #VALUE!
A182: 45880 | B182: 0.97222222 | C182: 176 | D182: 31.77 | E182: 0.092 | F182: 25.88 | G182: NAN | H182: 0.1535131 | I182: 29.77 | J182: 234.6 | K182: =100*((0.6108*EXP(17.27*F182/(F182+237.3)) - 0.066*(G182-F182)) / (0.6108*EXP(17.27*G182/(G182+237.3)))) -> #VALUE!
A183: 45880 | B183: 0.97916667 | C183: 177 | D183: 31.71 | E183: 0.178 | F183: 25.88 | G183: NAN | H183: 0.0825274 | I183: 29.7 | J183: 235.2 | K183: =100*((0.6108*EXP(17.27*F183/(F183+237.3)) - 0.066*(G183-F183)) / (0.6108*EXP(17.27*G183/(G183+237.3)))) -> #VALUE!
A184: 45880 | B184: 0.98611111 | C184: 178 | D184: 31.66 | E184: 0.053 | F184: 25.97 | G184: NAN | H184: 0.1705807 | I184: 29.64 | J184: 235.7 | K184: =100*((0.6108*EXP(17.27*F184/(F184+237.3)) - 0.066*(G184-F184)) / (0.6108*EXP(17.27*G184/(G184+237.3)))) -> #VALUE!
A185: 45880 | B185: 0.99305556 | C185: 179 | D185: 31.62 | E185: 0.003 | F185: 26.05 | G185: NAN | H185: 0.1178263 | I185: 29.6 | J185: 236.4 | K185: =100*((0.6108*EXP(17.27*F185/(F185+237.3)) - 0.066*(G185-F185)) / (0.6108*EXP(17.27*G185/(G185+237.3)))) -> #VALUE!
A186: 45881 | B186: 0 | C186: 180 | D186: 31.57 | E186: 0.046 | F186: 25.94 | G186: NAN | H186: -0.0408248 | I186: 29.56 | J186: 236.4 | K186: =100*((0.6108*EXP(17.27*F186/(F186+237.3)) - 0.066*(G186-F186)) / (0.6108*EXP(17.27*G186/(G186+237.3)))) -> #VALUE!
...

Sheet Clean Data_10min
A1: Station | B1: Date & Time (Summer) | C1: Global radiation (W/m^2) | D1: Relative humidity (%) | E1: Temperature (°C) | F1: Wind speed (m/s) | H1: TOA5 | I1: MyDatalogger | J1: Twb | K1: Tdb=Temp (°C) | L1: RH% | M1: Global Rad (W/m^2) | N1: Eto (mm) | P1: cleaning -> | Q1: Date | R1: Time | S1: TWB AVE | T1: TDB AVE | U1: Global Rad | W1: Eto calculation -> | X1: Penman–Monteith | Z1: e_s (T), kPa | AA1: e_a, kPa | AB1: Delta, kPa/°C) | AC1: Cd (day/night) | AD1: Rs, MJ/m2/h | AE1: Rn, MJ/m2/h (day/night)
A2: Bet Dagan Rad | B2: 10/08/2025 00:00 | C2: 0 | D2: 78 | E2: 28.1 | F2: 1.4 | H2: 45879 | I2: 0 | J2: =E2+S2 -> 24.301667 | K2: =E2+T2 -> 27.1225 | L2: =100*(22.1*10^6*10^((4.4-6.24*((J2+273.2)/1000)+9.95*((J2+273.2)/1000)^2-5.15*((J2+273.5)/1000)^3)*(1-647.3/(J2+273.2)))-101325*((K2-J2)/1514)*(1+J2/873))/(22.1*10^6*10^((4.4-6.24*((K2+273.2)/1000)+9.95*((K2+273.2)/1000)^2-5.15*((K2+273.5)/1000)^3)*(1-647.3/(K2+273.2)))) -> 79.13579 | M2: =AVERAGE(U290,U435) -> 0.0245 | N2: =(0.408*AB2*(AE2-$Y$7)+$Y$6*($Y$6/(K2+273))*$Y$8*(Z2-AA2))/(AB2+$Y$6*(1+AC2*$Y$8)) -> 1.3416041e-05 | S2: -3.7983333 | T2: -0.9775 | Z2: =0.6108*EXP(17.27*K2/(K2+237.3)) -> 3.5910437 | AA2: =(L2/100)*Z2 -> 2.8418008 | AB2: =(4098*AA2)/((K2+237.3)^2) -> 0.16655926 | AC2: =IF(M2>10,0.24,0.96) -> 0.96 | AD2: =M2*3600/1000000 -> 8.82e-05 | AE2: =IF(M2>10,(1-$Y$4)*AD2,0) -> 0
A3: Bet Dagan Rad | B3: 10/08/2025 00:10 | C3: 0 | D3: 78 | E3: 28.3 | F3: 1.9 | H3: 45879 | I3: 0.0069444444 | J3: =E3+S3 -> 24.628333 | K3: =E3+T3 -> 27.345 | L3: =100*(22.1*10^6*10^((4.4-6.24*((J3+273.2)/1000)+9.95*((J3+273.2)/1000)^2-5.15*((J3+273.5)/1000)^3)*(1-647.3/(J3+273.2)))-101325*((K3-J3)/1514)*(1+J3/873))/(22.1*10^6*10^((4.4-6.24*((K3+273.2)/1000)+9.95*((K3+273.2)/1000)^2-5.15*((K3+273.5)/1000)^3)*(1-647.3/(K3+273.2)))) -> 79.956494 | M3: =AVERAGE(U291,U436) -> 0.053 | N3: =(0.408*AB3*(AE3-$Y$7)+$Y$6*($Y$6/(K3+273))*$Y$8*(Z3-AA3))/(AB3+$Y$6*(1+AC3*$Y$8)) -> 1.2862455e-05 | S3: -3.6716667 | T3: -0.955 | X3: Cn=37dt | Y3: =37*10/60 -> 6.1666667 | Z3: =0.6108*EXP(17.27*K3/(K3+237.3)) -> 3.6381426 | AA3: =(L3/100)*Z3 -> 2.9089313 | AB3: =(4098*AA3)/((K3+237.3)^2) -> 0.17020724 | AC3: =IF(M3>10,0.24,0.96) -> 0.96 | AD3: =M3*3600/1000000 -> 0.0001908 | AE3: =IF(M3>10,(1-$Y$4)*AD3,0) -> 0
A4: Bet Dagan Rad | B4: 10/08/2025 00:20 | C4: 0 | D4: 77 | E4: 28.4 | F4: 1.8 | H4: 45879 | I4: 0.013888889 | J4: =E4+S4 -> 24.895 | K4: =E4+T4 -> 27.5875 | L4: =100*(22.1*10^6*10^((4.4-6.24*((J4+273.2)/1000)+9.95*((J4+273.2)/1000)^2-5.15*((J4+273.5)/1000)^3)*(1-647.3/(J4+273.2)))-101325*((K4-J4)/1514)*(1+J4/873))/(22.1*10^6*10^((4.4-6.24*((K4+273.2)/1000)+9.95*((K4+273.2)/1000)^2-5.15*((K4+273.5)/1000)^3)*(1-647.3/(K4+273.2)))) -> 80.221806 | M4: =AVERAGE(U292,U437) -> 0.0575 | N4: =(0.408*AB4*(AE4-$Y$7)+$Y$6*($Y$6/(K4+273))*$Y$8*(Z4-AA4))/(AB4+$Y$6*(1+AC4*$Y$8)) -> 1.2729966e-05 | S4: -3.505 | T4: -0.8125 | X4: alpha, albedo | Y4: 0.23 | Z4: =0.6108*EXP(17.27*K4/(K4+237.3)) -> 3.690087 | AA4: =(L4/100)*Z4 -> 2.9602544 | AB4: =(4098*AA4)/((K4+237.3)^2) -> 0.17289326 | AC4: =IF(M4>10,0.24,0.96) -> 0.96 | AD4: =M4*3600/1000000 -> 0.000207 | AE4: =IF(M4>10,(1-$Y$4)*AD4,0) -> 0
A5: Bet Dagan Rad | B5: 10/08/2025 00:30 | C5: 0 | D5: 77 | E5: 28.4 | F5: 1.7 | H5: 45879 | I5: 0.020833333 | J5: =E5+S5 -> 25 | K5: =E5+T5 -> 27.75 | L5: =100*(22.1*10^6*10^((4.4-6.24*((J5+273.2)/1000)+9.95*((J5+273.2)/1000)^2-5.15*((J5+273.5)/1000)^3)*(1-647.3/(J5+273.2)))-101325*((K5-J5)/1514)*(1+J5/873))/(22.1*10^6*10^((4.4-6.24*((K5+273.2)/1000)+9.95*((K5+273.2)/1000)^2-5.15*((K5+273.5)/1000)^3)*(1-647.3/(K5+273.2)))) -> 79.88661 | M5: =AVERAGE(U293,U438) -> 0.046 | N5: =(0.408*AB5*(AE5-$Y$7)+$Y$6*($Y$6/(K5+273))*$Y$8*(Z5-AA5))/(AB5+$Y$6*(1+AC5*$Y$8)) -> 1.3026639e-05 | S5: -3.4 | T5: -0.65 | X5: z, altitude, m | Y5: 0.066 | Z5: =0.6108*EXP(17.27*K5/(K5+237.3)) -> 3.7252554 | AA5: =(L5/100)*Z5 -> 2.9759802 | AB5: =(4098*AA5)/((K5+237.3)^2) -> 0.17359866 | AC5: =IF(M5>10,0.24,0.96) -> 0.96 | AD5: =M5*3600/1000000 -> 0.0001656 | AE5: =IF(M5>10,(1-$Y$4)*AD5,0) -> 0
A6: Bet Dagan Rad | B6: 10/08/2025 00:40 | C6: 0 | D6: 77 | E6: 28.3 | F6: 1.3 | H6: 45879 | I6: 0.027777778 | J6: =E6+S6 -> 25.065 | K6: =E6+T6 -> 27.6825 | L6: =100*(22.1*10^6*10^((4.4-6.24*((J6+273.2)/1000)+9.95*((J6+273.2)/1000)^2-5.15*((J6+273.5)/1000)^3)*(1-647.3/(J6+273.2)))-101325*((K6-J6)/1514)*(1+J6/873))/(22.1*10^6*10^((4.4-6.24*((K6+273.2)/1000)+9.95*((K6+273.2)/1000)^2-5.15*((K6+273.5)/1000)^3)*(1-647.3/(K6+273.2)))) -> 80.781583 | M6: =AVERAGE(U294,U439) -> 0.038 | N6: =(0.408*AB6*(AE6-$Y$7)+$Y$6*($Y$6/(K6+273))*$Y$8*(Z6-AA6))/(AB6+$Y$6*(1+AC6*$Y$8)) -> 1.2337177e-05 | S6: -3.235 | T6: -0.6175 | X6: gamma, see level pressure, kPa/°C | Y6: =0.000665*(101.3*((293-0.0065*Y5)/293)^5.26) -> 0.067363981 | Z6: =0.6108*EXP(17.27*K6/(K6+237.3)) -> 3.7106117 | AA6: =(L6/100)*Z6 -> 2.9974909 | AB6: =(4098*AA6)/((K6+237.3)^2) -> 0.17494254 | AC6: =IF(M6>10,0.24,0.96) -> 0.96 | AD6: =M6*3600/1000000 -> 0.0001368 | AE6: =IF(M6>10,(1-$Y$4)*AD6,0) -> 0
A7: Bet Dagan Rad | B7: 10/08/2025 00:50 | C7: 0 | D7: 77 | E7: 28.3 | F7: 1.2 | H7: 45879 | I7: 0.034722222 | J7: =E7+S7 -> 25.22 | K7: =E7+T7 -> 27.82 | L7: =100*(22.1*10^6*10^((4.4-6.24*((J7+273.2)/1000)+9.95*((J7+273.2)/1000)^2-5.15*((J7+273.5)/1000)^3)*(1-647.3/(J7+273.2)))-101325*((K7-J7)/1514)*(1+J7/873))/(22.1*10^6*10^((4.4-6.24*((K7+273.2)/1000)+9.95*((K7+273.2)/1000)^2-5.15*((K7+273.5)/1000)^3)*(1-647.3/(K7+273.2)))) -> 80.955665 | M7: =AVERAGE(U295,U440) -> 0.013 | N7: =(0.408*AB7*(AE7-$Y$7)+$Y$6*($Y$6/(K7+273))*$Y$8*(Z7-AA7))/(AB7+$Y$6*(1+AC7*$Y$8)) -> 1.2243134e-05 | S7: -3.08 | T7: -0.48 | X7: G, soil heat flux,W/m2 | Y7: 0 | Z7: =0.6108*EXP(17.27*K7/(K7+237.3)) -> 3.7404945 | AA7: =(L7/100)*Z7 -> 3.0281422 | AB7: =(4098*AA7)/((K7+237.3)^2) -> 0.17654818 | AC7: =IF(M7>10,0.24,0.96) -> 0.96 | AD7: =M7*3600/1000000 -> 4.68e-05 | AE7: =IF(M7>10,(1-$Y$4)*AD7,0) -> 0
A8: Bet Dagan Rad | B8: 10/08/2025 01:00 | C8: 0 | D8: 78 | E8: 28.3 | F8: 1.6 | H8: 45879 | I8: 0.041666667 | J8: =E8+S8 -> 25.251667 | K8: =E8+T8 -> 27.7775 | L8: =100*(22.1*10^6*10^((4.4-6.24*((J8+273.2)/1000)+9.95*((J8+273.2)/1000)^2-5.15*((J8+273.5)/1000)^3)*(1-647.3/(J8+273.2)))-101325*((K8-J8)/1514)*(1+J8/873))/(22.1*10^6*10^((4.4-6.24*((K8+273.2)/1000)+9.95*((K8+273.2)/1000)^2-5.15*((K8+273.5)/1000)^3)*(1-647.3/(K8+273.2)))) -> 81.457126 | M8: =AVERAGE(U296,U441) -> 0.0165 | N8: =(0.408*AB8*(AE8-$Y$7)+$Y$6*($Y$6/(K8+273))*$Y$8*(Z8-AA8))/(AB8+$Y$6*(1+AC8*$Y$8)) -> 1.1860917e-05 | S8: -3.0483333 | T8: -0.5225 | X8: u, indoor wind, m/s | Y8: 0.3 | Z8: =0.6108*EXP(17.27*K8/(K8+237.3)) -> 3.7312357 | AA8: =(L8/100)*Z8 -> 3.0393574 | AB8: =(4098*AA8)/((K8+237.3)^2) -> 0.17725888 | AC8: =IF(M8>10,0.24,0.96) -> 0.96 | AD8: =M8*3600/1000000 -> 5.94e-05 | AE8: =IF(M8>10,(1-$Y$4)*AD8,0) -> 0
A9: Bet Dagan Rad | B9: 10/08/2025 01:10 | C9: 0 | D9: 78 | E9: 28.2 | F9: 1.8 | H9: 45879 | I9: 0.048611111 | J9: =E9+S9 -> 25.051667 | K9: =E9+T9 -> 27.5425 | L9: =100*(22.1*10^6*10^((4.4-6.24*((J9+273.2)/1000)+9.95*((J9+273.2)/1000)^2-5.15*((J9+273.5)/1000)^3)*(1-647.3/(J9+273.2)))-101325*((K9-J9)/1514)*(1+J9/873))/(22.1*10^6*10^((4.4-6.24*((K9+273.2)/1000)+9.95*((K9+273.2)/1000)^2-5.15*((K9+273.5)/1000)^3)*(1-647.3/(K9+273.2)))) -> 81.616234 | M9: =AVERAGE(U297,U442) -> 0.025 | N9: =(0.408*AB9*(AE9-$Y$7)+$Y$6*($Y$6/(K9+273))*$Y$8*(Z9-AA9))/(AB9+$Y$6*(1+AC9*$Y$8)) -> 1.1686012e-05 | S9: -3.1483333 | T9: -0.6575 | Z9: =0.6108*EXP(17.27*K9/(K9+237.3)) -> 3.6803993 | AA9: =(L9/100)*Z9 -> 3.0038033 | AB9: =(4098*AA9)/((K9+237.3)^2) -> 0.17549635 | AC9: =IF(M9>10,0.24,0.96) -> 0.96 | AD9: =M9*3600/1000000 -> 9e-05 | AE9: =IF(M9>10,(1-$Y$4)*AD9,0) -> 0
A10: Bet Dagan Rad | B10: 10/08/2025 01:20 | C10: 0 | D10: 78 | E10: 28.2 | F10: 1.8 | H10: 45879 | I10: 0.055555556 | J10: =E10+S10 -> 25.17 | K10: =E10+T10 -> 27.5875 | L10: =100*(22.1*10^6*10^((4.4-6.24*((J10+273.2)/1000)+9.95*((J10+273.2)/1000)^2-5.15*((J10+273.5)/1000)^3)*(1-647.3/(J10+273.2)))-101325*((K10-J10)/1514)*(1+J10/873))/(22.1*10^6*10^((4.4-6.24*((K10+273.2)/1000)+9.95*((K10+273.2)/1000)^2-5.15*((K10+273.5)/1000)^3)*(1-647.3/(K10+273.2)))) -> 82.148494 | M10: =AVERAGE(U298,U443) -> 0.0145 | N10: =(0.408*AB10*(AE10-$Y$7)+$Y$6*($Y$6/(K10+273))*$Y$8*(Z10-AA10))/(AB10+$Y$6*(1+AC10*$Y$8)) -> 1.1309029e-05 | S10: -3.03 | T10: -0.6125 | Z10: =0.6108*EXP(17.27*K10/(K10+237.3)) -> 3.690087 | AA10: =(L10/100)*Z10 -> 3.0313509 | AB10: =(4098*AA10)/((K10+237.3)^2) -> 0.17704564 | AC10: =IF(M10>10,0.24,0.96) -> 0.96 | AD10: =M10*3600/1000000 -> 5.22e-05 | AE10: =IF(M10>10,(1-$Y$4)*AD10,0) -> 0
A11: Bet Dagan Rad | B11: 10/08/2025 01:30 | C11: 0 | D11: 79 | E11: 28.1 | F11: 1.4 | H11: 45879 | I11: 0.0625 | J11: =E11+S11 -> 24.97 | K11: =E11+T11 -> 27.3575 | L11: =100*(22.1*10^6*10^((4.4-6.24*((J11+273.2)/1000)+9.95*((J11+273.2)/1000)^2-5.15*((J11+273.5)/1000)^3)*(1-647.3/(J11+273.2)))-101325*((K11-J11)/1514)*(1+J11/873))/(22.1*10^6*10^((4.4-6.24*((K11+273.2)/1000)+9.95*((K11+273.2)/1000)^2-5.15*((K11+273.5)/1000)^3)*(1-647.3/(K11+273.2)))) -> 82.278713 | M11: =AVERAGE(U299,U444) -> 0 | N11: =(0.408*AB11*(AE11-$Y$7)+$Y$6*($Y$6/(K11+273))*$Y$8*(Z11-AA11))/(AB11+$Y$6*(1+AC11*$Y$8)) -> 1.1160528e-05 | S11: -3.13 | T11: -0.7425 | Z11: =0.6108*EXP(17.27*K11/(K11+237.3)) -> 3.6408045 | AA11: =(L11/100)*Z11 -> 2.9956071 | AB11: =(4098*AA11)/((K11+237.3)^2) -> 0.17526226 | AC11: =IF(M11>10,0.24,0.96) -> 0.96 | AD11: =M11*3600/1000000 -> 0 | AE11: =IF(M11>10,(1-$Y$4)*AD11,0) -> 0
A12: Bet Dagan Rad | B12: 10/08/2025 01:40 | C12: 0 | D12: 78 | E12: 28.1 | F12: 2 | H12: 45879 | I12: 0.069444444 | J12: =E12+S12 -> 24.918333 | K12: =E12+T12 -> 27.2875 | L12: =100*(22.1*10^6*10^((4.4-6.24*((J12+273.2)/1000)+9.95*((J12+273.2)/1000)^2-5.15*((J12+273.5)/1000)^3)*(1-647.3/(J12+273.2)))-101325*((K12-J12)/1514)*(1+J12/873))/(22.1*10^6*10^((4.4-6.24*((K12+273.2)/1000)+9.95*((K12+273.2)/1000)^2-5.15*((K12+273.5)/1000)^3)*(1-647.3/(K12+273.2)))) -> 82.383922 | M12: =AVERAGE(U300,U445) -> 0.0035 | N12: =(0.408*AB12*(AE12-$Y$7)+$Y$6*($Y$6/(K12+273))*$Y$8*(Z12-AA12))/(AB12+$Y$6*(1+AC12*$Y$8)) -> 1.1068421e-05 | S12: -3.1816667 | T12: -0.8125 | Z12: =0.6108*EXP(17.27*K12/(K12+237.3)) -> 3.6259197 | AA12: =(L12/100)*Z12 -> 2.9871749 | AB12: =(4098*AA12)/((K12+237.3)^2) -> 0.1748614 | AC12: =IF(M12>10,0.24,0.96) -> 0.96 | AD12: =M12*3600/1000000 -> 1.26e-05 | AE12: =IF(M12>10,(1-$Y$4)*AD12,0) -> 0
A13: Bet Dagan Rad | B13: 10/08/2025 01:50 | C13: 0 | D13: 78 | E13: 28.1 | F13: 1.4 | H13: 45879 | I13: 0.076388889 | J13: =E13+S13 -> 25.018333 | K13: =E13+T13 -> 27.35 | L13: =100*(22.1*10^6*10^((4.4-6.24*((J13+273.2)/1000)+9.95*((J13+273.2)/1000)^2-5.15*((J13+273.5)/1000)^3)*(1-647.3/(J13+273.2)))-101325*((K13-J13)/1514)*(1+J13/873))/(22.1*10^6*10^((4.4-6.24*((K13+273.2)/1000)+9.95*((K13+273.2)/1000)^2-5.15*((K13+273.5)/1000)^3)*(1-647.3/(K13+273.2)))) -> 82.672082 | M13: =AVERAGE(U301,U446) -> 0.008 | N13: =(0.408*AB13*(AE13-$Y$7)+$Y$6*($Y$6/(K13+273))*$Y$8*(Z13-AA13))/(AB13+$Y$6*(1+AC13*$Y$8)) -> 1.0876288e-05 | S13: -3.0816667 | T13: -0.75 | Z13: =0.6108*EXP(17.27*K13/(K13+237.3)) -> 3.6392072 | AA13: =(L13/100)*Z13 -> 3.0086084 | AB13: =(4098*AA13)/((K13+237.3)^2) -> 0.17603289 | AC13: =IF(M13>10,0.24,0.96) -> 0.96 | AD13: =M13*3600/1000000 -> 2.88e-05 | AE13: =IF(M13>10,(1-$Y$4)*AD13,0) -> 0
A14: Bet Dagan Rad | B14: 10/08/2025 02:00 | C14: 0 | D14: 79 | E14: 28 | F14: 0.8 | H14: 45879 | I14: 0.083333333 | J14: =E14+S14 -> 24.926667 | K14: =E14+T14 -> 27.2625 | L14: =100*(22.1*10^6*10^((4.4-6.24*((J14+273.2)/1000)+9.95*((J14+273.2)/1000)^2-5.15*((J14+273.5)/1000)^3)*(1-647.3/(J14+273.2)))-101325*((K14-J14)/1514)*(1+J14/873))/(22.1*10^6*10^((4.4-6.24*((K14+273.2)/1000)+9.95*((K14+273.2)/1000)^2-5.15*((K14+273.5)/1000)^3)*(1-647.3/(K14+273.2)))) -> 82.611994 | M14: =AVERAGE(U302,U447) -> 0.018 | N14: =(0.408*AB14*(AE14-$Y$7)+$Y$6*($Y$6/(K14+273))*$Y$8*(Z14-AA14))/(AB14+$Y$6*(1+AC14*$Y$8)) -> 1.0899188e-05 | S14: -3.0733333 | T14: -0.7375 | Z14: =0.6108*EXP(17.27*K14/(K14+237.3)) -> 3.6206166 | AA14: =(L14/100)*Z14 -> 2.9910636 | AB14: =(4098*AA14)/((K14+237.3)^2) -> 0.17512213 | AC14: =IF(M14>10,0.24,0.96) -> 0.96 | AD14: =M14*3600/1000000 -> 6.48e-05 | AE14: =IF(M14>10,(1-$Y$4)*AD14,0) -> 0
A15: Bet Dagan Rad | B15: 10/08/2025 02:10 | C15: 0 | D15: 79 | E15: 27.9 | F15: 1.4 | H15: 45879 | I15: 0.090277778 | J15: =E15+S15 -> 24.981667 | K15: =E15+T15 -> 27.39 | L15: =100*(22.1*10^6*10^((4.4-6.24*((J15+273.2)/1000)+9.95*((J15+273.2)/1000)^2-5.15*((J15+273.5)/1000)^3)*(1-647.3/(J15+273.2)))-101325*((K15-J15)/1514)*(1+J15/873))/(22.1*10^6*10^((4.4-6.24*((K15+273.2)/1000)+9.95*((K15+273.2)/1000)^2-5.15*((K15+273.5)/1000)^3)*(1-647.3/(K15+273.2)))) -> 82.14281 | M15: =AVERAGE(U303,U448) -> 0.0285 | N15: =(0.408*AB15*(AE15-$Y$7)+$Y$6*($Y$6/(K15+273))*$Y$8*(Z15-AA15))/(AB15+$Y$6*(1+AC15*$Y$8)) -> 1.1266281e-05 | S15: -2.9183333 | T15: -0.51 | Z15: =0.6108*EXP(17.27*K15/(K15+237.3)) -> 3.6477334 | AA15: =(L15/100)*Z15 -> 2.9963507 | AB15: =(4098*AA15)/((K15+237.3)^2) -> 0.17526271 | AC15: =IF(M15>10,0.24,0.96) -> 0.96 | AD15: =M15*3600/1000000 -> 0.0001026 | AE15: =IF(M15>10,(1-$Y$4)*AD15,0) -> 0
A16: Bet Dagan Rad | B16: 10/08/2025 02:20 | C16: 0 | D16: 79 | E16: 27.8 | F16: 0.8 | H16: 45879 | I16: 0.097222222 | J16: =E16+S16 -> 24.936667 | K16: =E16+T16 -> 27.315 | L16: =100*(22.1*10^6*10^((4.4-6.24*((J16+273.2)/1000)+9.95*((J16+273.2)/1000)^2-5.15*((J16+273.5)/1000)^3)*(1-647.3/(J16+273.2)))-101325*((K16-J16)/1514)*(1+J16/873))/(22.1*10^6*10^((4.4-6.24*((K16+273.2)/1000)+9.95*((K16+273.2)/1000)^2-5.15*((K16+273.5)/1000)^3)*(1-647.3/(K16+273.2)))) -> 82.328612 | M16: =AVERAGE(U304,U449) -> 0 | N16: =(0.408*AB16*(AE16-$Y$7)+$Y$6*($Y$6/(K16+273))*$Y$8*(Z16-AA16))/(AB16+$Y$6*(1+AC16*$Y$8)) -> 1.1114615e-05 | S16: -2.8633333 | T16: -0.485 | X16: https://www.fao.org/4/x0490e/x0490e06.htm | Z16: =0.6108*EXP(17.27*K16/(K16+237.3)) -> 3.631761 | AA16: =(L16/100)*Z16 -> 2.9899784 | AB16: =(4098*AA16)/((K16+237.3)^2) -> 0.17498914 | AC16: =IF(M16>10,0.24,0.96) -> 0.96 | AD16: =M16*3600/1000000 -> 0 | AE16: =IF(M16>10,(1-$Y$4)*AD16,0) -> 0
A17: Bet Dagan Rad | B17: 10/08/2025 02:30 | C17: 0 | D17: 80 | E17: 27.7 | F17: 1.3 | H17: 45879 | I17: 0.10416667 | J17: =E17+S17 -> 24.84 | K17: =E17+T17 -> 27.23 | L17: =100*(22.1*10^6*10^((4.4-6.24*((J17+273.2)/1000)+9.95*((J17+273.2)/1000)^2-5.15*((J17+273.5)/1000)^3)*(1-647.3/(J17+273.2)))-101325*((K17-J17)/1514)*(1+J17/873))/(22.1*10^6*10^((4.4-6.24*((K17+273.2)/1000)+9.95*((K17+273.2)/1000)^2-5.15*((K17+273.5)/1000)^3)*(1-647.3/(K17+273.2)))) -> 82.215532 | M17: =AVERAGE(U305,U450) -> 0 | N17: =(0.408*AB17*(AE17-$Y$7)+$Y$6*($Y$6/(K17+273))*$Y$8*(Z17-AA17))/(AB17+$Y$6*(1+AC17*$Y$8)) -> 1.1175889e-05 | S17: -2.86 | T17: -0.47 | Z17: =0.6108*EXP(17.27*K17/(K17+237.3)) -> 3.6137326 | AA17: =(L17/100)*Z17 -> 2.9710495 | AB17: =(4098*AA17)/((K17+237.3)^2) -> 0.17399308 | AC17: =IF(M17>10,0.24,0.96) -> 0.96 | AD17: =M17*3600/1000000 -> 0 | AE17: =IF(M17>10,(1-$Y$4)*AD17,0) -> 0
A18: Bet Dagan Rad | B18: 10/08/2025 02:40 | C18: 0 | D18: 80 | E18: 27.7 | F18: 1.3 | H18: 45879 | I18: 0.11111111 | J18: =E18+S18 -> 24.828333 | K18: =E18+T18 -> 27.17 | L18: =100*(22.1*10^6*10^((4.4-6.24*((J18+273.2)/1000)+9.95*((J18+273.2)/1000)^2-5.15*((J18+273.5)/1000)^3)*(1-647.3/(J18+273.2)))-101325*((K18-J18)/1514)*(1+J18/873))/(22.1*10^6*10^((4.4-6.24*((K18+273.2)/1000)+9.95*((K18+273.2)/1000)^2-5.15*((K18+273.5)/1000)^3)*(1-647.3/(K18+273.2)))) -> 82.538038 | M18: =AVERAGE(U306,U451) -> 0.003 | N18: =(0.408*AB18*(AE18-$Y$7)+$Y$6*($Y$6/(K18+273))*$Y$8*(Z18-AA18))/(AB18+$Y$6*(1+AC18*$Y$8)) -> 1.0930678e-05 | S18: -2.8716667 | T18: -0.53 | Z18: =0.6108*EXP(17.27*K18/(K18+237.3)) -> 3.6010537 | AA18: =(L18/100)*Z18 -> 2.9722391 | AB18: =(4098*AA18)/((K18+237.3)^2) -> 0.17414173 | AC18: =IF(M18>10,0.24,0.96) -> 0.96 | AD18: =M18*3600/1000000 -> 1.08e-05 | AE18: =IF(M18>10,(1-$Y$4)*AD18,0) -> 0
A19: Bet Dagan Rad | B19: 10/08/2025 02:50 | C19: 0 | D19: 80 | E19: 27.5 | F19: 1.2 | H19: 45879 | I19: 0.11805556 | J19: =E19+S19 -> 24.668333 | K19: =E19+T19 -> 26.955 | L19: =100*(22.1*10^6*10^((4.4-6.24*((J19+273.2)/1000)+9.95*((J19+273.2)/1000)^2-5.15*((J19+273.5)/1000)^3)*(1-647.3/(J19+273.2)))-101325*((K19-J19)/1514)*(1+J19/873))/(22.1*10^6*10^((4.4-6.24*((K19+273.2)/1000)+9.95*((K19+273.2)/1000)^2-5.15*((K19+273.5)/1000)^3)*(1-647.3/(K19+273.2)))) -> 82.855932 | M19: =AVERAGE(U307,U452) -> 0.008 | N19: =(0.408*AB19*(AE19-$Y$7)+$Y$6*($Y$6/(K19+273))*$Y$8*(Z19-AA19))/(AB19+$Y$6*(1+AC19*$Y$8)) -> 1.0655408e-05 | S19: -2.8316667 | T19: -0.545 | Z19: =0.6108*EXP(17.27*K19/(K19+237.3)) -> 3.5559384 | AA19: =(L19/100)*Z19 -> 2.9463059 | AB19: =(4098*AA19)/((K19+237.3)^2) -> 0.17290333 | AC19: =IF(M19>10,0.24,0.96) -> 0.96 | AD19: =M19*3600/1000000 -> 2.88e-05 | AE19: =IF(M19>10,(1-$Y$4)*AD19,0) -> 0
A20: Bet Dagan Rad | B20: 10/08/2025 03:00 | C20: 0 | D20: 80 | E20: 27.3 | F20: 0.9 | H20: 45879 | I20: 0.125 | J20: =E20+S20 -> 24.285 | K20: =E20+T20 -> 26.55 | L20: =100*(22.1*10^6*10^((4.4-6.24*((J20+273.2)/1000)+9.95*((J20+273.2)/1000)^2-5.15*((J20+273.5)/1000)^3)*(1-647.3/(J20+273.2)))-101325*((K20-J20)/1514)*(1+J20/873))/(22.1*10^6*10^((4.4-6.24*((K20+273.2)/1000)+9.95*((K20+273.2)/1000)^2-5.15*((K20+273.5)/1000)^3)*(1-647.3/(K20+273.2)))) -> 82.870387 | M20: =AVERAGE(U308,U453) -> 0.014 | N20: =(0.408*AB20*(AE20-$Y$7)+$Y$6*($Y$6/(K20+273))*$Y$8*(Z20-AA20))/(AB20+$Y$6*(1+AC20*$Y$8)) -> 1.0553053e-05 | S20: -3.015 | T20: -0.75 | Z20: =0.6108*EXP(17.27*K20/(K20+237.3)) -> 3.4722895 | AA20: =(L20/100)*Z20 -> 2.8774998 | AB20: =(4098*AA20)/((K20+237.3)^2) -> 0.16938426 | AC20: =IF(M20>10,0.24,0.96) -> 0.96 | AD20: =M20*3600/1000000 -> 5.04e-05 | AE20: =IF(M20>10,(1-$Y$4)*AD20,0) -> 0
A21: Bet Dagan Rad | B21: 10/08/2025 03:10 | C21: 0 | D21: 81 | E21: 27.1 | F21: 0.7 | H21: 45879 | I21: 0.13194444 | J21: =E21+S21 -> 24.101667 | K21: =E21+T21 -> 26.275 | L21: =100*(22.1*10^6*10^((4.4-6.24*((J21+273.2)/1000)+9.95*((J21+273.2)/1000)^2-5.15*((J21+273.5)/1000)^3)*(1-647.3/(J21+273.2)))-101325*((K21-J21)/1514)*(1+J21/873))/(22.1*10^6*10^((4.4-6.24*((K21+273.2)/1000)+9.95*((K21+273.2)/1000)^2-5.15*((K21+273.5)/1000)^3)*(1-647.3/(K21+273.2)))) -> 83.441335 | M21: =AVERAGE(U309,U454) -> 0.0145 | N21: =(0.408*AB21*(AE21-$Y$7)+$Y$6*($Y$6/(K21+273))*$Y$8*(Z21-AA21))/(AB21+$Y$6*(1+AC21*$Y$8)) -> 1.0094794e-05 | S21: -2.9983333 | T21: -0.825 | Z21: =0.6108*EXP(17.27*K21/(K21+237.3)) -> 3.4164729 | AA21: =(L21/100)*Z21 -> 2.8507506 | AB21: =(4098*AA21)/((K21+237.3)^2) -> 0.16816002 | AC21: =IF(M21>10,0.24,0.96) -> 0.96 | AD21: =M21*3600/1000000 -> 5.22e-05 | AE21: =IF(M21>10,(1-$Y$4)*AD21,0) -> 0
A22: Bet Dagan Rad | B22: 10/08/2025 03:20 | C22: 0 | D22: 82 | E22: 27 | F22: 0.6 | H22: 45879 | I22: 0.13888889 | J22: =E22+S22 -> 23.995 | K22: =E22+T22 -> 26.16 | L22: =100*(22.1*10^6*10^((4.4-6.24*((J22+273.2)/1000)+9.95*((J22+273.2)/1000)^2-5.15*((J22+273.5)/1000)^3)*(1-647.3/(J22+273.2)))-101325*((K22-J22)/1514)*(1+J22/873))/(22.1*10^6*10^((4.4-6.24*((K22+273.2)/1000)+9.95*((K22+273.2)/1000)^2-5.15*((K22+273.5)/1000)^3)*(1-647.3/(K22+273.2)))) -> 83.462826 | M22: =AVERAGE(U310,U455) -> 0.01 | N22: =(0.408*AB22*(AE22-$Y$7)+$Y$6*($Y$6/(K22+273))*$Y$8*(Z22-AA22))/(AB22+$Y$6*(1+AC22*$Y$8)) -> 1.0054762e-05 | S22: -3.005 | T22: -0.84 | Z22: =0.6108*EXP(17.27*K22/(K22+237.3)) -> 3.3933643 | AA22: =(L22/100)*Z22 -> 2.8321978 | AB22: =(4098*AA22)/((K22+237.3)^2) -> 0.16721151 | AC22: =IF(M22>10,0.24,0.96) -> 0.96 | AD22: =M22*3600/1000000 -> 3.6e-05 | AE22: =IF(M22>10,(1-$Y$4)*AD22,0) -> 0
A23: Bet Dagan Rad | B23: 10/08/2025 03:30 | C23: 0 | D23: 82 | E23: 26.8 | F23: 0.7 | H23: 45879 | I23: 0.14583333 | J23: =E23+S23 -> 23.805 | K23: =E23+T23 -> 25.94 | L23: =100*(22.1*10^6*10^((4.4-6.24*((J23+273.2)/1000)+9.95*((J23+273.2)/1000)^2-5.15*((J23+273.5)/1000)^3)*(1-647.3/(J23+273.2)))-101325*((K23-J23)/1514)*(1+J23/873))/(22.1*10^6*10^((4.4-6.24*((K23+273.2)/1000)+9.95*((K23+273.2)/1000)^2-5.15*((K23+273.5)/1000)^3)*(1-647.3/(K23+273.2)))) -> 83.607691 | M23: =AVERAGE(U311,U456) -> 0 | N23: =(0.408*AB23*(AE23-$Y$7)+$Y$6*($Y$6/(K23+273))*$Y$8*(Z23-AA23))/(AB23+$Y$6*(1+AC23*$Y$8)) -> 9.9074815e-06 | S23: -2.995 | T23: -0.86 | Z23: =0.6108*EXP(17.27*K23/(K23+237.3)) -> 3.3495358 | AA23: =(L23/100)*Z23 -> 2.8004696 | AB23: =(4098*AA23)/((K23+237.3)^2) -> 0.16561476 | AC23: =IF(M23>10,0.24,0.96) -> 0.96 | AD23: =M23*3600/1000000 -> 0 | AE23: =IF(M23>10,(1-$Y$4)*AD23,0) -> 0
A24: Bet Dagan Rad | B24: 10/08/2025 03:40 | C24: 0 | D24: 83 | E24: 26.6 | F24: 1.2 | H24: 45879 | I24: 0.15277778 | J24: =E24+S24 -> 23.545 | K24: =E24+T24 -> 25.605 | L24: =100*(22.1*10^6*10^((4.4-6.24*((J24+273.2)/1000)+9.95*((J24+273.2)/1000)^2-5.15*((J24+273.5)/1000)^3)*(1-647.3/(J24+273.2)))-101325*((K24-J24)/1514)*(1+J24/873))/(22.1*10^6*10^((4.4-6.24*((K24+273.2)/1000)+9.95*((K24+273.2)/1000)^2-5.15*((K24+273.5)/1000)^3)*(1-647.3/(K24+273.2)))) -> 84.049086 | M24: =AVERAGE(U312,U457) -> 0.0165 | N24: =(0.408*AB24*(AE24-$Y$7)+$Y$6*($Y$6/(K24+273))*$Y$8*(Z24-AA24))/(AB24+$Y$6*(1+AC24*$Y$8)) -> 9.5367488e-06 | S24: -3.055 | T24: -0.995 | Z24: =0.6108*EXP(17.27*K24/(K24+237.3)) -> 3.2837445 | AA24: =(L24/100)*Z24 -> 2.7599573 | AB24: =(4098*AA24)/((K24+237.3)^2) -> 0.16363516 | AC24: =IF(M24>10,0.24,0.96) -> 0.96 | AD24: =M24*3600/1000000 -> 5.94e-05 | AE24: =IF(M24>10,(1-$Y$4)*AD24,0) -> 0
A25: Bet Dagan Rad | B25: 10/08/2025 03:50 | C25: 0 | D25: 83 | E25: 26.5 | F25: 1.2 | H25: 45879 | I25: 0.15972222 | J25: =E25+S25 -> 23.441667 | K25: =E25+T25 -> 25.4725 | L25: =100*(22.1*10^6*10^((4.4-6.24*((J25+273.2)/1000)+9.95*((J25+273.2)/1000)^2-5.15*((J25+273.5)/1000)^3)*(1-647.3/(J25+273.2)))-101325*((K25-J25)/1514)*(1+J25/873))/(22.1*10^6*10^((4.4-6.24*((K25+273.2)/1000)+9.95*((K25+273.2)/1000)^2-5.15*((K25+273.5)/1000)^3)*(1-647.3/(K25+273.2)))) -> 84.22204 | M25: =AVERAGE(U313,U458) -> 0.0015 | N25: =(0.408*AB25*(AE25-$Y$7)+$Y$6*($Y$6/(K25+273))*$Y$8*(Z25-AA25))/(AB25+$Y$6*(1+AC25*$Y$8)) -> 9.3930115e-06 | S25: -3.0583333 | T25: -1.0275 | Z25: =0.6108*EXP(17.27*K25/(K25+237.3)) -> 3.2580352 | AA25: =(L25/100)*Z25 -> 2.7439837 | AB25: =(4098*AA25)/((K25+237.3)^2) -> 0.16285221 | AC25: =IF(M25>10,0.24,0.96) -> 0.96 | AD25: =M25*3600/1000000 -> 5.4e-06 | AE25: =IF(M25>10,(1-$Y$4)*AD25,0) -> 0
A26: Bet Dagan Rad | B26: 10/08/2025 04:00 | C26: 0 | D26: 83 | E26: 26.5 | F26: 0.5 | H26: 45879 | I26: 0.16666667 | J26: =E26+S26 -> 23.493333 | K26: =E26+T26 -> 25.5775 | L26: =100*(22.1*10^6*10^((4.4-6.24*((J26+273.2)/1000)+9.95*((J26+273.2)/1000)^2-5.15*((J26+273.5)/1000)^3)*(1-647.3/(J26+273.2)))-101325*((K26-J26)/1514)*(1+J26/873))/(22.1*10^6*10^((4.4-6.24*((K26+273.2)/1000)+9.95*((K26+273.2)/1000)^2-5.15*((K26+273.5)/1000)^3)*(1-647.3/(K26+273.2)))) -> 83.859984 | M26: =AVERAGE(U314,U459) -> 0.005 | N26: =(0.408*AB26*(AE26-$Y$7)+$Y$6*($Y$6/(K26+273))*$Y$8*(Z26-AA26))/(AB26+$Y$6*(1+AC26*$Y$8)) -> 9.658119e-06 | S26: -3.0066667 | T26: -0.9225 | Z26: =0.6108*EXP(17.27*K26/(K26+237.3)) -> 3.2783941 | AA26: =(L26/100)*Z26 -> 2.7492608 | AB26: =(4098*AA26)/((K26+237.3)^2) -> 0.16303508 | AC26: =IF(M26>10,0.24,0.96) -> 0.96 | AD26: =M26*3600/1000000 -> 1.8e-05 | AE26: =IF(M26>10,(1-$Y$4)*AD26,0) -> 0
A27: Bet Dagan Rad | B27: 10/08/2025 04:10 | C27: 0 | D27: 83 | E27: 26.3 | F27: 0.6 | H27: 45879 | I27: 0.17361111 | J27: =E27+S27 -> 23.355 | K27: =E27+T27 -> 25.42 | L27: =100*(22.1*10^6*10^((4.4-6.24*((J27+273.2)/1000)+9.95*((J27+273.2)/1000)^2-5.15*((J27+273.5)/1000)^3)*(1-647.3/(J27+273.2)))-101325*((K27-J27)/1514)*(1+J27/873))/(22.1*10^6*10^((4.4-6.24*((K27+273.2)/1000)+9.95*((K27+273.2)/1000)^2-5.15*((K27+273.5)/1000)^3)*(1-647.3/(K27+273.2)))) -> 83.949113 | M27: =AVERAGE(U315,U460) -> 0.003 | N27: =(0.408*AB27*(AE27-$Y$7)+$Y$6*($Y$6/(K27+273))*$Y$8*(Z27-AA27))/(AB27+$Y$6*(1+AC27*$Y$8)) -> 9.5645305e-06 | S27: -2.945 | T27: -0.88 | Z27: =0.6108*EXP(17.27*K27/(K27+237.3)) -> 3.2478971 | AA27: =(L27/100)*Z27 -> 2.7265808 | AB27: =(4098*AA27)/((K27+237.3)^2) -> 0.16188405 | AC27: =IF(M27>10,0.24,0.96) -> 0.96 | AD27: =M27*3600/1000000 -> 1.08e-05 | AE27: =IF(M27>10,(1-$Y$4)*AD27,0) -> 0
A28: Bet Dagan Rad | B28: 10/08/2025 04:20 | C28: 0 | D28: 83 | E28: 26.2 | F28: 1 | H28: 45879 | I28: 0.18055556 | J28: =E28+S28 -> 23.218333 | K28: =E28+T28 -> 25.3375 | L28: =100*(22.1*10^6*10^((4.4-6.24*((J28+273.2)/1000)+9.95*((J28+273.2)/1000)^2-5.15*((J28+273.5)/1000)^3)*(1-647.3/(J28+273.2)))-101325*((K28-J28)/1514)*(1+J28/873))/(22.1*10^6*10^((4.4-6.24*((K28+273.2)/1000)+9.95*((K28+273.2)/1000)^2-5.15*((K28+273.5)/1000)^3)*(1-647.3/(K28+273.2)))) -> 83.516085 | M28: =AVERAGE(U316,U461) -> 0.0065 | N28: =(0.408*AB28*(AE28-$Y$7)+$Y$6*($Y$6/(K28+273))*$Y$8*(Z28-AA28))/(AB28+$Y$6*(1+AC28*$Y$8)) -> 9.8374544e-06 | S28: -2.9816667 | T28: -0.8625 | Z28: =0.6108*EXP(17.27*K28/(K28+237.3)) -> 3.2320214 | AA28: =(L28/100)*Z28 -> 2.6992578 | AB28: =(4098*AA28)/((K28+237.3)^2) -> 0.16036251 | AC28: =IF(M28>10,0.24,0.96) -> 0.96 | AD28: =M28*3600/1000000 -> 2.34e-05 | AE28: =IF(M28>10,(1-$Y$4)*AD28,0) -> 0
... A76: Bet Dagan Rad | B76: 10/08/2025 12:20 | C76: 913 | D76: 54 | E76: 34.4 | F76: 3.7 | H76: 45879 | I76: 0.51388889 | J76: =E76+S76 -> 28.331667 | K76: =E76+T76 -> 36.972 | L76: =100*(22.1*10^6*10^((4.4-6.24*((J76+273.2)/1000)+9.95*((J76+273.2)/1000)^2-5.15*((J76+273.5)/1000)^3)*(1-647.3/(J76+273.2)))-101325*((K76-J76)/1514)*(1+J76/873))/(22.1*10^6*10^((4.4-6.24*((K76+273.2)/1000)+9.95*((K76+273.2)/1000)^2-5.15*((K76+273.5)/1000)^3)*(1-647.3/(K76+273.2)))) -> 51.857247 | M76: =AVERAGE(U364,U509) -> 686.55 | N76: =(0.408*AB76*(AE76-$Y$7)+$Y$6*($Y$6/(K76+273))*$Y$8*(Z76-AA76))/(AB76+$Y$6*(1+AC76*$Y$8)) -> 0.55152246 | S76: -6.0683333 | T76: 2.572 | Z76: =0.6108*EXP(17.27*K76/(K76+237.3)) -> 6.2652517 | AA76: =(L76/100)*Z76 -> 3.248987 | AB76: =(4098*AA76)/((K76+237.3)^2) -> 0.17699336 | AC76: =IF(M76>10,0.24,0.96) -> 0.24 | AD76: =M76*3600/1000000 -> 2.47158 | AE76: =IF(M76>10,(1-$Y$4)*AD76,0) -> 1.9031166
A77: Bet Dagan Rad | B77: 10/08/2025 12:30 | C77: 919 | D77: 53 | E77: 34.8 | F77: 3.5 | H77: 45879 | I77: 0.52083333 | J77: 27.73 | K77: =E77+T77 -> 37.244 | L77: =100*(22.1*10^6*10^((4.4-6.24*((J77+273.2)/1000)+9.95*((J77+273.2)/1000)^2-5.15*((J77+273.5)/1000)^3)*(1-647.3/(J77+273.2)))-101325*((K77-J77)/1514)*(1+J77/873))/(22.1*10^6*10^((4.4-6.24*((K77+273.2)/1000)+9.95*((K77+273.2)/1000)^2-5.15*((K77+273.5)/1000)^3)*(1-647.3/(K77+273.2)))) -> 48.056026 | M77: =U77 -> 685.6 | N77: =(0.408*AB77*(AE77-$Y$7)+$Y$6*($Y$6/(K77+273))*$Y$8*(Z77-AA77))/(AB77+$Y$6*(1+AC77*$Y$8)) -> 0.54053178 | Q77: 45879 | R77: 0.52083333 | T77: 2.444 | U77: 685.6 | Z77: =0.6108*EXP(17.27*K77/(K77+237.3)) -> 6.3586895 | AA77: =(L77/100)*Z77 -> 3.0557334 | AB77: =(4098*AA77)/((K77+237.3)^2) -> 0.16613591 | AC77: =IF(M77>10,0.24,0.96) -> 0.24 | AD77: =M77*3600/1000000 -> 2.46816 | AE77: =IF(M77>10,(1-$Y$4)*AD77,0) -> 1.9004832
A78: Bet Dagan Rad | B78: 10/08/2025 12:40 | C78: 924 | D78: 52 | E78: 34.8 | F78: 3.9 | H78: 45879 | I78: 0.52777778 | J78: 28.17 | K78: =E78+T78 -> 37.196 | L78: =100*(22.1*10^6*10^((4.4-6.24*((J78+273.2)/1000)+9.95*((J78+273.2)/1000)^2-5.15*((J78+273.5)/1000)^3)*(1-647.3/(J78+273.2)))-101325*((K78-J78)/1514)*(1+J78/873))/(22.1*10^6*10^((4.4-6.24*((K78+273.2)/1000)+9.95*((K78+273.2)/1000)^2-5.15*((K78+273.5)/1000)^3)*(1-647.3/(K78+273.2)))) -> 50.237303 | M78: =U78 -> 776.2 | N78: =(0.408*AB78*(AE78-$Y$7)+$Y$6*($Y$6/(K78+273))*$Y$8*(Z78-AA78))/(AB78+$Y$6*(1+AC78*$Y$8)) -> 0.61969396 | Q78: 45879 | R78: 0.52777778 | T78: 2.396 | U78: 776.2 | Z78: =0.6108*EXP(17.27*K78/(K78+237.3)) -> 6.3421133 | AA78: =(L78/100)*Z78 -> 3.1861066 | AB78: =(4098*AA78)/((K78+237.3)^2) -> 0.1732847 | AC78: =IF(M78>10,0.24,0.96) -> 0.24 | AD78: =M78*3600/1000000 -> 2.79432 | AE78: =IF(M78>10,(1-$Y$4)*AD78,0) -> 2.1516264
A79: Bet Dagan Rad | B79: 10/08/2025 12:50 | C79: 925 | D79: 52 | E79: 34.8 | F79: 3.7 | H79: 45879 | I79: 0.53472222 | J79: 27.9 | K79: =E79+T79 -> 37.348 | L79: =100*(22.1*10^6*10^((4.4-6.24*((J79+273.2)/1000)+9.95*((J79+273.2)/1000)^2-5.15*((J79+273.5)/1000)^3)*(1-647.3/(J79+273.2)))-101325*((K79-J79)/1514)*(1+J79/873))/(22.1*10^6*10^((4.4-6.24*((K79+273.2)/1000)+9.95*((K79+273.2)/1000)^2-5.15*((K79+273.5)/1000)^3)*(1-647.3/(K79+273.2)))) -> 48.434931 | M79: =U79 -> 805 | N79: =(0.408*AB79*(AE79-$Y$7)+$Y$6*($Y$6/(K79+273))*$Y$8*(Z79-AA79))/(AB79+$Y$6*(1+AC79*$Y$8)) -> 0.63710129 | Q79: 45879 | R79: 0.53472222 | T79: 2.548 | U79: 805 | Z79: =0.6108*EXP(17.27*K79/(K79+237.3)) -> 6.3947333 | AA79: =(L79/100)*Z79 -> 3.0972846 | AB79: =(4098*AA79)/((K79+237.3)^2) -> 0.16826748 | AC79: =IF(M79>10,0.24,0.96) -> 0.24 | AD79: =M79*3600/1000000 -> 2.898 | AE79: =IF(M79>10,(1-$Y$4)*AD79,0) -> 2.23146
A80: Bet Dagan Rad | B80: 10/08/2025 13:00 | C80: 925 | D80: 51 | E80: 35.1 | F80: 4.2 | H80: 45879 | I80: 0.54166667 | J80: 27.6 | K80: =E80+T80 -> 37.18 | L80: =100*(22.1*10^6*10^((4.4-6.24*((J80+273.2)/1000)+9.95*((J80+273.2)/1000)^2-5.15*((J80+273.5)/1000)^3)*(1-647.3/(J80+273.2)))-101325*((K80-J80)/1514)*(1+J80/873))/(22.1*10^6*10^((4.4-6.24*((K80+273.2)/1000)+9.95*((K80+273.2)/1000)^2-5.15*((K80+273.5)/1000)^3)*(1-647.3/(K80+273.2)))) -> 47.708438 | M80: =U80 -> 811 | N80: =(0.408*AB80*(AE80-$Y$7)+$Y$6*($Y$6/(K80+273))*$Y$8*(Z80-AA80))/(AB80+$Y$6*(1+AC80*$Y$8)) -> 0.63739353 | Q80: 45879 | R80: 0.54166667 | T80: 2.08 | U80: 811 | Z80: =0.6108*EXP(17.27*K80/(K80+237.3)) -> 6.3365962 | AA80: =(L80/100)*Z80 -> 3.0230911 | AB80: =(4098*AA80)/((K80+237.3)^2) -> 0.16443784 | AC80: =IF(M80>10,0.24,0.96) -> 0.24 | AD80: =M80*3600/1000000 -> 2.9196 | AE80: =IF(M80>10,(1-$Y$4)*AD80,0) -> 2.248092
A81: Bet Dagan Rad | B81: 10/08/2025 13:10 | C81: 919 | D81: 51 | E81: 35.2 | F81: 4 | H81: 45879 | I81: 0.54861111 | J81: 27.65 | K81: =E81+T81 -> 37.638 | L81: =100*(22.1*10^6*10^((4.4-6.24*((J81+273.2)/1000)+9.95*((J81+273.2)/1000)^2-5.15*((J81+273.5)/1000)^3)*(1-647.3/(J81+273.2)))-101325*((K81-J81)/1514)*(1+J81/873))/(22.1*10^6*10^((4.4-6.24*((K81+273.2)/1000)+9.95*((K81+273.2)/1000)^2-5.15*((K81+273.5)/1000)^3)*(1-647.3/(K81+273.2)))) -> 46.263516 | M81: =U81 -> 814 | N81: =(0.408*AB81*(AE81-$Y$7)+$Y$6*($Y$6/(K81+273))*$Y$8*(Z81-AA81))/(AB81+$Y$6*(1+AC81*$Y$8)) -> 0.63795231 | Q81: 45879 | R81: 0.54861111 | T81: 2.438 | U81: 814 | Z81: =0.6108*EXP(17.27*K81/(K81+237.3)) -> 6.4961761 | AA81: =(L81/100)*Z81 -> 3.0053595 | AB81: =(4098*AA81)/((K81+237.3)^2) -> 0.16292917 | AC81: =IF(M81>10,0.24,0.96) -> 0.24 | AD81: =M81*3600/1000000 -> 2.9304 | AE81: =IF(M81>10,(1-$Y$4)*AD81,0) -> 2.256408
A82: Bet Dagan Rad | B82: 10/08/2025 13:20 | C82: 915 | D82: 51 | E82: 34.9 | F82: 4.3 | H82: 45879 | I82: 0.55555556 | J82: 27.81 | K82: =E82+T82 -> 36.948 | L82: =100*(22.1*10^6*10^((4.4-6.24*((J82+273.2)/1000)+9.95*((J82+273.2)/1000)^2-5.15*((J82+273.5)/1000)^3)*(1-647.3/(J82+273.2)))-101325*((K82-J82)/1514)*(1+J82/873))/(22.1*10^6*10^((4.4-6.24*((K82+273.2)/1000)+9.95*((K82+273.2)/1000)^2-5.15*((K82+273.5)/1000)^3)*(1-647.3/(K82+273.2)))) -> 49.533472 | M82: =U82 -> 729 | N82: =(0.408*AB82*(AE82-$Y$7)+$Y$6*($Y$6/(K82+273))*$Y$8*(Z82-AA82))/(AB82+$Y$6*(1+AC82*$Y$8)) -> 0.57757519 | Q82: 45879 | R82: 0.55555556 | T82: 2.048 | U82: 729 | Z82: =0.6108*EXP(17.27*K82/(K82+237.3)) -> 6.2570645 | AA82: =(L82/100)*Z82 -> 3.0993413 | AB82: =(4098*AA82)/((K82+237.3)^2) -> 0.16887075 | AC82: =IF(M82>10,0.24,0.96) -> 0.24 | AD82: =M82*3600/1000000 -> 2.6244 | AE82: =IF(M82>10,(1-$Y$4)*AD82,0) -> 2.020788
A83: Bet Dagan Rad | B83: 10/08/2025 13:30 | C83: 911 | D83: 51 | E83: 34.6 | F83: 4.5 | H83: 45879 | I83: 0.5625 | J83: 27.84 | K83: =E83+T83 -> 36.468 | L83: =100*(22.1*10^6*10^((4.4-6.24*((J83+273.2)/1000)+9.95*((J83+273.2)/1000)^2-5.15*((J83+273.5)/1000)^3)*(1-647.3/(J83+273.2)))-101325*((K83-J83)/1514)*(1+J83/873))/(22.1*10^6*10^((4.4-6.24*((K83+273.2)/1000)+9.95*((K83+273.2)/1000)^2-5.15*((K83+273.5)/1000)^3)*(1-647.3/(K83+273.2)))) -> 51.53996 | M83: =U83 -> 722.8 | N83: =(0.408*AB83*(AE83-$Y$7)+$Y$6*($Y$6/(K83+273))*$Y$8*(Z83-AA83))/(AB83+$Y$6*(1+AC83*$Y$8)) -> 0.57556713 | Q83: 45879 | R83: 0.5625 | T83: 1.868 | U83: 722.8 | Z83: =0.6108*EXP(17.27*K83/(K83+237.3)) -> 6.0952569 | AA83: =(L83/100)*Z83 -> 3.141493 | AB83: =(4098*AA83)/((K83+237.3)^2) -> 0.17176817 | AC83: =IF(M83>10,0.24,0.96) -> 0.24 | AD83: =M83*3600/1000000 -> 2.60208 | AE83: =IF(M83>10,(1-$Y$4)*AD83,0) -> 2.0036016
A84: Bet Dagan Rad | B84: 10/08/2025 13:40 | C84: 907 | D84: 51 | E84: 34.6 | F84: 4 | H84: 45879 | I84: 0.56944444 | J84: 27.52 | K84: =E84+T84 -> 36.142 | L84: =100*(22.1*10^6*10^((4.4-6.24*((J84+273.2)/1000)+9.95*((J84+273.2)/1000)^2-5.15*((J84+273.5)/1000)^3)*(1-647.3/(J84+273.2)))-101325*((K84-J84)/1514)*(1+J84/873))/(22.1*10^6*10^((4.4-6.24*((K84+273.2)/1000)+9.95*((K84+273.2)/1000)^2-5.15*((K84+273.5)/1000)^3)*(1-647.3/(K84+273.2)))) -> 51.321293 | M84: =U84 -> 762.1 | N84: =(0.408*AB84*(AE84-$Y$7)+$Y$6*($Y$6/(K84+273))*$Y$8*(Z84-AA84))/(AB84+$Y$6*(1+AC84*$Y$8)) -> 0.60330384 | Q84: 45879 | R84: 0.56944444 | T84: 1.542 | U84: 762.1 | Z84: =0.6108*EXP(17.27*K84/(K84+237.3)) -> 5.9874412 | AA84: =(L84/100)*Z84 -> 3.0728323 | AB84: =(4098*AA84)/((K84+237.3)^2) -> 0.16841484 | AC84: =IF(M84>10,0.24,0.96) -> 0.24 | AD84: =M84*3600/1000000 -> 2.74356 | AE84: =IF(M84>10,(1-$Y$4)*AD84,0) -> 2.1125412
A85: Bet Dagan Rad | B85: 10/08/2025 13:50 | C85: 897 | D85: 50 | E85: 34.8 | F85: 4.4 | H85: 45879 | I85: 0.57638889 | J85: 27.72 | K85: =E85+T85 -> 36.162 | L85: =100*(22.1*10^6*10^((4.4-6.24*((J85+273.2)/1000)+9.95*((J85+273.2)/1000)^2-5.15*((J85+273.5)/1000)^3)*(1-647.3/(J85+273.2)))-101325*((K85-J85)/1514)*(1+J85/873))/(22.1*10^6*10^((4.4-6.24*((K85+273.2)/1000)+9.95*((K85+273.2)/1000)^2-5.15*((K85+273.5)/1000)^3)*(1-647.3/(K85+273.2)))) -> 52.192945 | M85: =U85 -> 709.7 | N85: =(0.408*AB85*(AE85-$Y$7)+$Y$6*($Y$6/(K85+273))*$Y$8*(Z85-AA85))/(AB85+$Y$6*(1+AC85*$Y$8)) -> 0.56481314 | Q85: 45879 | R85: 0.57638889 | T85: 1.362 | U85: 709.7 | Z85: =0.6108*EXP(17.27*K85/(K85+237.3)) -> 5.9940078 | AA85: =(L85/100)*Z85 -> 3.1284492 | AB85: =(4098*AA85)/((K85+237.3)^2) -> 0.171438 | AC85: =IF(M85>10,0.24,0.96) -> 0.24 | AD85: =M85*3600/1000000 -> 2.55492 | AE85: =IF(M85>10,(1-$Y$4)*AD85,0) -> 1.9672884
A86: Bet Dagan Rad | B86: 10/08/2025 14:00 | C86: 886 | D86: 50 | E86: 34.8 | F86: 4.3 | H86: 45879 | I86: 0.58333333 | J86: 27.6 | K86: =E86+T86 -> 36.192 | L86: =100*(22.1*10^6*10^((4.4-6.24*((J86+273.2)/1000)+9.95*((J86+273.2)/1000)^2-5.15*((J86+273.5)/1000)^3)*(1-647.3/(J86+273.2)))-101325*((K86-J86)/1514)*(1+J86/873))/(22.1*10^6*10^((4.4-6.24*((K86+273.2)/1000)+9.95*((K86+273.2)/1000)^2-5.15*((K86+273.5)/1000)^3)*(1-647.3/(K86+273.2)))) -> 51.501655 | M86: =U86 -> 688.2 | N86: =(0.408*AB86*(AE86-$Y$7)+$Y$6*($Y$6/(K86+273))*$Y$8*(Z86-AA86))/(AB86+$Y$6*(1+AC86*$Y$8)) -> 0.54576759 | Q86: 45879 | R86: 0.58333333 | T86: 1.392 | U86: 688.2 | Z86: =0.6108*EXP(17.27*K86/(K86+237.3)) -> 6.0038693 | AA86: =(L86/100)*Z86 -> 3.092092 | AB86: =(4098*AA86)/((K86+237.3)^2) -> 0.16940847 | AC86: =IF(M86>10,0.24,0.96) -> 0.24 | AD86: =M86*3600/1000000 -> 2.47752 | AE86: =IF(M86>10,(1-$Y$4)*AD86,0) -> 1.9076904
A87: Bet Dagan Rad | B87: 10/08/2025 14:10 | C87: 874 | D87: 51 | E87: 34.6 | F87: 3.6 | H87: 45879 | I87: 0.59027778 | J87: 27.32 | K87: =E87+T87 -> 35.724 | L87: =100*(22.1*10^6*10^((4.4-6.24*((J87+273.2)/1000)+9.95*((J87+273.2)/1000)^2-5.15*((J87+273.5)/1000)^3)*(1-647.3/(J87+273.2)))-101325*((K87-J87)/1514)*(1+J87/873))/(22.1*10^6*10^((4.4-6.24*((K87+273.2)/1000)+9.95*((K87+273.2)/1000)^2-5.15*((K87+273.5)/1000)^3)*(1-647.3/(K87+273.2)))) -> 52.044554 | M87: =U87 -> 672.7 | N87: =(0.408*AB87*(AE87-$Y$7)+$Y$6*($Y$6/(K87+273))*$Y$8*(Z87-AA87))/(AB87+$Y$6*(1+AC87*$Y$8)) -> 0.53159378 | Q87: 45879 | R87: 0.59027778 | T87: 1.124 | U87: 672.7 | Z87: =0.6108*EXP(17.27*K87/(K87+237.3)) -> 5.8516197 | AA87: =(L87/100)*Z87 -> 3.0454494 | AB87: =(4098*AA87)/((K87+237.3)^2) -> 0.16742553 | AC87: =IF(M87>10,0.24,0.96) -> 0.24 | AD87: =M87*3600/1000000 -> 2.42172 | AE87: =IF(M87>10,(1-$Y$4)*AD87,0) -> 1.8647244
A88: Bet Dagan Rad | B88: 10/08/2025 14:20 | C88: 860 | D88: 50 | E88: 34.5 | F88: 4.8 | H88: 45879 | I88: 0.59722222 | J88: 27.28 | K88: =E88+T88 -> 35.318 | L88: =100*(22.1*10^6*10^((4.4-6.24*((J88+273.2)/1000)+9.95*((J88+273.2)/1000)^2-5.15*((J88+273.5)/1000)^3)*(1-647.3/(J88+273.2)))-101325*((K88-J88)/1514)*(1+J88/873))/(22.1*10^6*10^((4.4-6.24*((K88+273.2)/1000)+9.95*((K88+273.2)/1000)^2-5.15*((K88+273.5)/1000)^3)*(1-647.3/(K88+273.2)))) -> 53.519692 | M88: =U88 -> 659.3 | N88: =(0.408*AB88*(AE88-$Y$7)+$Y$6*($Y$6/(K88+273))*$Y$8*(Z88-AA88))/(AB88+$Y$6*(1+AC88*$Y$8)) -> 0.522346 | Q88: 45879 | R88: 0.59722222 | T88: 0.818 | U88: 659.3 | Z88: =0.6108*EXP(17.27*K88/(K88+237.3)) -> 5.7222622 | AA88: =(L88/100)*Z88 -> 3.0625371 | AB88: =(4098*AA88)/((K88+237.3)^2) -> 0.16886679 | AC88: =IF(M88>10,0.24,0.96) -> 0.24 | AD88: =M88*3600/1000000 -> 2.37348 | AE88: =IF(M88>10,(1-$Y$4)*AD88,0) -> 1.8275796
... A187: Bet Dagan Rad | B187: 11/08/2025 06:50 | C187: 48 | D187: 77 | E187: 28.1 | F187: 2.9 | H187: 45880 | I187: 0.28472222 | J187: 25.52 | K187: =E187+T187 -> 30 | L187: =100*(22.1*10^6*10^((4.4-6.24*((J187+273.2)/1000)+9.95*((J187+273.2)/1000)^2-5.15*((J187+273.5)/1000)^3)*(1-647.3/(J187+273.2)))-101325*((K187-J187)/1514)*(1+J187/873))/(22.1*10^6*10^((4.4-6.24*((K187+273.2)/1000)+9.95*((K187+273.2)/1000)^2-5.15*((K187+273.5)/1000)^3)*(1-647.3/(K187+273.2)))) -> 69.634421 | M187: =U187 -> 81.1 | N187: =(0.408*AB187*(AE187-$Y$7)+$Y$6*($Y$6/(K187+273))*$Y$8*(Z187-AA187))/(AB187+$Y$6*(1+AC187*$Y$8)) -> 0.064339255 | Q187: 45880 | R187: 0.28472222 | T187: 1.9 | U187: 81.1 | Z187: =0.6108*EXP(17.27*K187/(K187+237.3)) -> 4.2430651 | AA187: =(L187/100)*Z187 -> 2.9546338 | AB187: =(4098*AA187)/((K187+237.3)^2) -> 0.16946409 | AC187: =IF(M187>10,0.24,0.96) -> 0.24 | AD187: =M187*3600/1000000 -> 0.29196 | AE187: =IF(M187>10,(1-$Y$4)*AD187,0) -> 0.2248092
A188: Bet Dagan Rad | B188: 11/08/2025 07:00 | C188: 65 | D188: 77 | E188: 28.2 | F188: 2.1 | H188: 45880 | I188: 0.29166667 | J188: =E187+S43 -> 24.91 | K188: =E188+T188 -> 30.056 | L188: =100*(22.1*10^6*10^((4.4-6.24*((J188+273.2)/1000)+9.95*((J188+273.2)/1000)^2-5.15*((J188+273.5)/1000)^3)*(1-647.3/(J188+273.2)))-101325*((K188-J188)/1514)*(1+J188/873))/(22.1*10^6*10^((4.4-6.24*((K188+273.2)/1000)+9.95*((K188+273.2)/1000)^2-5.15*((K188+273.5)/1000)^3)*(1-647.3/(K188+273.2)))) -> 65.591541 | M188: =AVERAGE(U332,U476) -> 93.95 | N188: =(0.408*AB188*(AE188-$Y$7)+$Y$6*($Y$6/(K188+273))*$Y$8*(Z188-AA188))/(AB188+$Y$6*(1+AC188*$Y$8)) -> 0.073250364 | T188: 1.856 | Z188: =0.6108*EXP(17.27*K188/(K188+237.3)) -> 4.256713 | AA188: =(L188/100)*Z188 -> 2.7920436 | AB188: =(4098*AA188)/((K188+237.3)^2) -> 0.1600716 | AC188: =IF(M188>10,0.24,0.96) -> 0.24 | AD188: =M188*3600/1000000 -> 0.33822 | AE188: =IF(M188>10,(1-$Y$4)*AD188,0) -> 0.2604294
A189: Bet Dagan Rad | B189: 11/08/2025 07:10 | C189: 86 | D189: 77 | E189: 28.3 | F189: 1.5 | H189: 45880 | I189: 0.29861111 | J189: =E188+S44 -> 24.65 | K189: =E189+T189 -> 30.226 | L189: =100*(22.1*10^6*10^((4.4-6.24*((J189+273.2)/1000)+9.95*((J189+273.2)/1000)^2-5.15*((J189+273.5)/1000)^3)*(1-647.3/(J189+273.2)))-101325*((K189-J189)/1514)*(1+J189/873))/(22.1*10^6*10^((4.4-6.24*((K189+273.2)/1000)+9.95*((K189+273.2)/1000)^2-5.15*((K189+273.5)/1000)^3)*(1-647.3/(K189+273.2)))) -> 63.132978 | M189: =AVERAGE(U333,U477) -> 104.35 | N189: =(0.408*AB189*(AE189-$Y$7)+$Y$6*($Y$6/(K189+273))*$Y$8*(Z189-AA189))/(AB189+$Y$6*(1+AC189*$Y$8)) -> 0.080602791 | T189: 1.926 | Z189: =0.6108*EXP(17.27*K189/(K189+237.3)) -> 4.2983783 | AA189: =(L189/100)*Z189 -> 2.7136942 | AB189: =(4098*AA189)/((K189+237.3)^2) -> 0.15538206 | AC189: =IF(M189>10,0.24,0.96) -> 0.24 | AD189: =M189*3600/1000000 -> 0.37566 | AE189: =IF(M189>10,(1-$Y$4)*AD189,0) -> 0.2892582
A190: Bet Dagan Rad | B190: 11/08/2025 07:20 | C190: 110 | D190: 75 | E190: 28.4 | F190: 1.1 | H190: 45880 | I190: 0.30555556 | J190: =E189+S45 -> 24.635 | K190: =E190+T190 -> 30.478 | L190: =100*(22.1*10^6*10^((4.4-6.24*((J190+273.2)/1000)+9.95*((J190+273.2)/1000)^2-5.15*((J190+273.5)/1000)^3)*(1-647.3/(J190+273.2)))-101325*((K190-J190)/1514)*(1+J190/873))/(22.1*10^6*10^((4.4-6.24*((K190+273.2)/1000)+9.95*((K190+273.2)/1000)^2-5.15*((K190+273.5)/1000)^3)*(1-647.3/(K190+273.2)))) -> 61.739305 | M190: =AVERAGE(U334,U478) -> 123.9 | N190: =(0.408*AB190*(AE190-$Y$7)+$Y$6*($Y$6/(K190+273))*$Y$8*(Z190-AA190))/(AB190+$Y$6*(1+AC190*$Y$8)) -> 0.095402056 | T190: 2.078 | Z190: =0.6108*EXP(17.27*K190/(K190+237.3)) -> 4.3607932 | AA190: =(L190/100)*Z190 -> 2.6923234 | AB190: =(4098*AA190)/((K190+237.3)^2) -> 0.15386838 | AC190: =IF(M190>10,0.24,0.96) -> 0.24 | AD190: =M190*3600/1000000 -> 0.44604 | AE190: =IF(M190>10,(1-$Y$4)*AD190,0) -> 0.3434508
A191: Bet Dagan Rad | B191: 11/08/2025 07:30 | C191: 138 | D191: 74 | E191: 28.7 | F191: 1.5 | H191: 45880 | I191: 0.3125 | J191: =E190+S46 -> 24.668333 | K191: =E191+T191 -> 30.862 | L191: =100*(22.1*10^6*10^((4.4-6.24*((J191+273.2)/1000)+9.95*((J191+273.2)/1000)^2-5.15*((J191+273.5)/1000)^3)*(1-647.3/(J191+273.2)))-101325*((K191-J191)/1514)*(1+J191/873))/(22.1*10^6*10^((4.4-6.24*((K191+273.2)/1000)+9.95*((K191+273.2)/1000)^2-5.15*((K191+273.5)/1000)^3)*(1-647.3/(K191+273.2)))) -> 59.991188 | M191: =AVERAGE(U335,U479) -> 133.8 | N191: =(0.408*AB191*(AE191-$Y$7)+$Y$6*($Y$6/(K191+273))*$Y$8*(Z191-AA191))/(AB191+$Y$6*(1+AC191*$Y$8)) -> 0.10270602 | T191: 2.162 | Z191: =0.6108*EXP(17.27*K191/(K191+237.3)) -> 4.4574166 | AA191: =(L191/100)*Z191 -> 2.6740571 | AB191: =(4098*AA191)/((K191+237.3)^2) -> 0.15238709 | AC191: =IF(M191>10,0.24,0.96) -> 0.24 | AD191: =M191*3600/1000000 -> 0.48168 | AE191: =IF(M191>10,(1-$Y$4)*AD191,0) -> 0.3708936
A192: Bet Dagan Rad | B192: 11/08/2025 07:40 | C192: 165 | D192: 71 | E192: 29.2 | F192: 1.8 | H192: 45880 | I192: 0.31944444 | J192: =E191+S47 -> 24.756667 | K192: =E192+T192 -> 31.902 | L192: =100*(22.1*10^6*10^((4.4-6.24*((J192+273.2)/1000)+9.95*((J192+273.2)/1000)^2-5.15*((J192+273.5)/1000)^3)*(1-647.3/(J192+273.2)))-101325*((K192-J192)/1514)*(1+J192/873))/(22.1*10^6*10^((4.4-6.24*((K192+273.2)/1000)+9.95*((K192+273.2)/1000)^2-5.15*((K192+273.5)/1000)^3)*(1-647.3/(K192+273.2)))) -> 55.496212 | M192: =AVERAGE(U336,U480) -> 201.7 | N192: =(0.408*AB192*(AE192-$Y$7)+$Y$6*($Y$6/(K192+273))*$Y$8*(Z192-AA192))/(AB192+$Y$6*(1+AC192*$Y$8)) -> 0.15348647 | T192: 2.702 | Z192: =0.6108*EXP(17.27*K192/(K192+237.3)) -> 4.7285073 | AA192: =(L192/100)*Z192 -> 2.6241424 | AB192: =(4098*AA192)/((K192+237.3)^2) -> 0.14838937 | AC192: =IF(M192>10,0.24,0.96) -> 0.24 | AD192: =M192*3600/1000000 -> 0.72612 | AE192: =IF(M192>10,(1-$Y$4)*AD192,0) -> 0.5591124
A193: Bet Dagan Rad | B193: 11/08/2025 07:50 | C193: 197 | D193: 70 | E193: 29.4 | F193: 2.1 | H193: 45880 | I193: 0.32638889 | J193: =E192+S48 -> 25.201667 | K193: =E193+T193 -> 32.442 | L193: =100*(22.1*10^6*10^((4.4-6.24*((J193+273.2)/1000)+9.95*((J193+273.2)/1000)^2-5.15*((J193+273.5)/1000)^3)*(1-647.3/(J193+273.2)))-101325*((K193-J193)/1514)*(1+J193/873))/(22.1*10^6*10^((4.4-6.24*((K193+273.2)/1000)+9.95*((K193+273.2)/1000)^2-5.15*((K193+273.5)/1000)^3)*(1-647.3/(K193+273.2)))) -> 55.410001 | M193: =AVERAGE(U337,U481) -> 284.3 | N193: =(0.408*AB193*(AE193-$Y$7)+$Y$6*($Y$6/(K193+273))*$Y$8*(Z193-AA193))/(AB193+$Y$6*(1+AC193*$Y$8)) -> 0.21808147 | T193: 3.042 | Z193: =0.6108*EXP(17.27*K193/(K193+237.3)) -> 4.8748313 | AA193: =(L193/100)*Z193 -> 2.7011441 | AB193: =(4098*AA193)/((K193+237.3)^2) -> 0.15213269 | AC193: =IF(M193>10,0.24,0.96) -> 0.24 | AD193: =M193*3600/1000000 -> 1.02348 | AE193: =IF(M193>10,(1-$Y$4)*AD193,0) -> 0.7880796
A194: Bet Dagan Rad | B194: 11/08/2025 08:00 | C194: 232 | D194: 69 | E194: 29.7 | F194: 2.1 | H194: 45880 | I194: 0.33333333 | J194: =E193+S49 -> 25.393333 | K194: =E194+T194 -> 32.864 | L194: =100*(22.1*10^6*10^((4.4-6.24*((J194+273.2)/1000)+9.95*((J194+273.2)/1000)^2-5.15*((J194+273.5)/1000)^3)*(1-647.3/(J194+273.2)))-101325*((K194-J194)/1514)*(1+J194/873))/(22.1*10^6*10^((4.4-6.24*((K194+273.2)/1000)+9.95*((K194+273.2)/1000)^2-5.15*((K194+273.5)/1000)^3)*(1-647.3/(K194+273.2)))) -> 54.522444 | M194: =AVERAGE(U338,U482) -> 320.95 | N194: =(0.408*AB194*(AE194-$Y$7)+$Y$6*($Y$6/(K194+273))*$Y$8*(Z194-AA194))/(AB194+$Y$6*(1+AC194*$Y$8)) -> 0.24654408 | T194: 3.164 | Z194: =0.6108*EXP(17.27*K194/(K194+237.3)) -> 4.9919023 | AA194: =(L194/100)*Z194 -> 2.7217071 | AB194: =(4098*AA194)/((K194+237.3)^2) -> 0.15281233 | AC194: =IF(M194>10,0.24,0.96) -> 0.24 | AD194: =M194*3600/1000000 -> 1.15542 | AE194: =IF(M194>10,(1-$Y$4)*AD194,0) -> 0.8896734
A195: Bet Dagan Rad | B195: 11/08/2025 08:10 | C195: 265 | D195: 67 | E195: 29.9 | F195: 2 | H195: 45880 | I195: 0.34027778 | J195: =E194+S50 -> 23.49 | K195: =E195+T195 -> 33.296 | L195: =100*(22.1*10^6*10^((4.4-6.24*((J195+273.2)/1000)+9.95*((J195+273.2)/1000)^2-5.15*((J195+273.5)/1000)^3)*(1-647.3/(J195+273.2)))-101325*((K195-J195)/1514)*(1+J195/873))/(22.1*10^6*10^((4.4-6.24*((K195+273.2)/1000)+9.95*((K195+273.2)/1000)^2-5.15*((K195+273.5)/1000)^3)*(1-647.3/(K195+273.2)))) -> 43.241778 | M195: =AVERAGE(U339,U483) -> 361.8 | N195: =(0.408*AB195*(AE195-$Y$7)+$Y$6*($Y$6/(K195+273))*$Y$8*(Z195-AA195))/(AB195+$Y$6*(1+AC195*$Y$8)) -> 0.25848018 | T195: 3.396 | Z195: =0.6108*EXP(17.27*K195/(K195+237.3)) -> 5.1142682 | AA195: =(L195/100)*Z195 -> 2.2115005 | AB195: =(4098*AA195)/((K195+237.3)^2) -> 0.12377025 | AC195: =IF(M195>10,0.24,0.96) -> 0.24 | AD195: =M195*3600/1000000 -> 1.30248 | AE195: =IF(M195>10,(1-$Y$4)*AD195,0) -> 1.0029096
A196: Bet Dagan Rad | B196: 11/08/2025 08:20 | C196: 299 | D196: 64 | E196: 30.4 | F196: 2 | H196: 45880 | I196: 0.34722222 | J196: =E195+S51 -> 23.561667 | K196: =E196+T196 -> 34.29 | L196: =100*(22.1*10^6*10^((4.4-6.24*((J196+273.2)/1000)+9.95*((J196+273.2)/1000)^2-5.15*((J196+273.5)/1000)^3)*(1-647.3/(J196+273.2)))-101325*((K196-J196)/1514)*(1+J196/873))/(22.1*10^6*10^((4.4-6.24*((K196+273.2)/1000)+9.95*((K196+273.2)/1000)^2-5.15*((K196+273.5)/1000)^3)*(1-647.3/(K196+273.2)))) -> 39.954577 | M196: =AVERAGE(U340,U484) -> 321.25 | N196: =(0.408*AB196*(AE196-$Y$7)+$Y$6*($Y$6/(K196+273))*$Y$8*(Z196-AA196))/(AB196+$Y$6*(1+AC196*$Y$8)) -> 0.22689779 | T196: 3.89 | Z196: =0.6108*EXP(17.27*K196/(K196+237.3)) -> 5.4057536 | AA196: =(L196/100)*Z196 -> 2.159846 | AB196: =(4098*AA196)/((K196+237.3)^2) -> 0.11999612 | AC196: =IF(M196>10,0.24,0.96) -> 0.24 | AD196: =M196*3600/1000000 -> 1.1565 | AE196: =IF(M196>10,(1-$Y$4)*AD196,0) -> 0.890505
A197: Bet Dagan Rad | B197: 11/08/2025 08:30 | C197: 351 | D197: 61 | E197: 30.7 | F197: 1.7 | H197: 45880 | I197: 0.35416667 | J197: =E196+S52 -> 23.993333 | K197: =E197+T197 -> 34.714 | L197: =100*(22.1*10^6*10^((4.4-6.24*((J197+273.2)/1000)+9.95*((J197+273.2)/1000)^2-5.15*((J197+273.5)/1000)^3)*(1-647.3/(J197+273.2)))-101325*((K197-J197)/1514)*(1+J197/873))/(22.1*10^6*10^((4.4-6.24*((K197+273.2)/1000)+9.95*((K197+273.2)/1000)^2-5.15*((K197+273.5)/1000)^3)*(1-647.3/(K197+273.2)))) -> 40.409489 | M197: =AVERAGE(U341,U485) -> 347.5 | N197: =(0.408*AB197*(AE197-$Y$7)+$Y$6*($Y$6/(K197+273))*$Y$8*(Z197-AA197))/(AB197+$Y$6*(1+AC197*$Y$8)) -> 0.24834404 | T197: 4.014 | Z197: =0.6108*EXP(17.27*K197/(K197+237.3)) -> 5.534408 | AA197: =(L197/100)*Z197 -> 2.236426 | AB197: =(4098*AA197)/((K197+237.3)^2) -> 0.12386368 | AC197: =IF(M197>10,0.24,0.96) -> 0.24 | AD197: =M197*3600/1000000 -> 1.251 | AE197: =IF(M197>10,(1-$Y$4)*AD197,0) -> 0.96327
A198: Bet Dagan Rad | B198: 11/08/2025 08:40 | C198: 386 | D198: 58 | E198: 31 | F198: 1.4 | H198: 45880 | I198: 0.36111111 | J198: =E197+S53 -> 24.098333 | K198: =E198+T198 -> 35.038 | L198: =100*(22.1*10^6*10^((4.4-6.24*((J198+273.2)/1000)+9.95*((J198+273.2)/1000)^2-5.15*((J198+273.5)/1000)^3)*(1-647.3/(J198+273.2)))-101325*((K198-J198)/1514)*(1+J198/873))/(22.1*10^6*10^((4.4-6.24*((K198+273.2)/1000)+9.95*((K198+273.2)/1000)^2-5.15*((K198+273.5)/1000)^3)*(1-647.3/(K198+273.2)))) -> 39.754277 | M198: =AVERAGE(U342,U486) -> 429 | N198: =(0.408*AB198*(AE198-$Y$7)+$Y$6*($Y$6/(K198+273))*$Y$8*(Z198-AA198))/(AB198+$Y$6*(1+AC198*$Y$8)) -> 0.30648268 | T198: 4.038 | Z198: =0.6108*EXP(17.27*K198/(K198+237.3)) -> 5.6345012 | AA198: =(L198/100)*Z198 -> 2.2399553 | AB198: =(4098*AA198)/((K198+237.3)^2) -> 0.12376413 | AC198: =IF(M198>10,0.24,0.96) -> 0.24 | AD198: =M198*3600/1000000 -> 1.5444 | AE198: =IF(M198>10,(1-$Y$4)*AD198,0) -> 1.189188
A199: Bet Dagan Rad | B199: 11/08/2025 08:50 | C199: 422 | D199: 56 | E199: 31.4 | F199: 1.4 | H199: 45880 | I199: 0.36805556 | J199: =E198+S54 -> 23.861667 | K199: =E199+T199 -> 35.858 | L199: =100*(22.1*10^6*10^((4.4-6.24*((J199+273.2)/1000)+9.95*((J199+273.2)/1000)^2-5.15*((J199+273.5)/1000)^3)*(1-647.3/(J199+273.2)))-101325*((K199-J199)/1514)*(1+J199/873))/(22.1*10^6*10^((4.4-6.24*((K199+273.2)/1000)+9.95*((K199+273.2)/1000)^2-5.15*((K199+273.5)/1000)^3)*(1-647.3/(K199+273.2)))) -> 36.037351 | M199: =AVERAGE(U343,U487) -> 442.4 | N199: =(0.408*AB199*(AE199-$Y$7)+$Y$6*($Y$6/(K199+273))*$Y$8*(Z199-AA199))/(AB199+$Y$6*(1+AC199*$Y$8)) -> 0.30914357 | T199: 4.458 | Z199: =0.6108*EXP(17.27*K199/(K199+237.3)) -> 5.8948667 | AA199: =(L199/100)*Z199 -> 2.1243538 | AB199: =(4098*AA199)/((K199+237.3)^2) -> 0.11667316 | AC199: =IF(M199>10,0.24,0.96) -> 0.24 | AD199: =M199*3600/1000000 -> 1.59264 | AE199: =IF(M199>10,(1-$Y$4)*AD199,0) -> 1.2263328
... A220: Bet Dagan Rad | B220: 11/08/2025 12:20 | C220: 903 | D220: 48 | E220: 34.5 | F220: 4.3 | H220: 45880 | I220: 0.51388889 | J220: =E219+S75 -> 28.296667 | K220: =E220+T220 -> 37.072 | L220: =100*(22.1*10^6*10^((4.4-6.24*((J220+273.2)/1000)+9.95*((J220+273.2)/1000)^2-5.15*((J220+273.5)/1000)^3)*(1-647.3/(J220+273.2)))-101325*((K220-J220)/1514)*(1+J220/873))/(22.1*10^6*10^((4.4-6.24*((K220+273.2)/1000)+9.95*((K220+273.2)/1000)^2-5.15*((K220+273.5)/1000)^3)*(1-647.3/(K220+273.2)))) -> 51.301943 | M220: =AVERAGE(U364,U508) -> 677.05 | N220: =(0.408*AB220*(AE220-$Y$7)+$Y$6*($Y$6/(K220+273))*$Y$8*(Z220-AA220))/(AB220+$Y$6*(1+AC220*$Y$8)) -> 0.54293822 | T220: 2.572 | Z220: =0.6108*EXP(17.27*K220/(K220+237.3)) -> 6.2994646 | AA220: =(L220/100)*Z220 -> 3.2317478 | AB220: =(4098*AA220)/((K220+237.3)^2) -> 0.17592592 | AC220: =IF(M220>10,0.24,0.96) -> 0.24 | AD220: =M220*3600/1000000 -> 2.43738 | AE220: =IF(M220>10,(1-$Y$4)*AD220,0) -> 1.8767826
A221: Bet Dagan Rad | B221: 11/08/2025 12:30 | C221: 911 | D221: 48 | E221: 34.5 | F221: 3.6 | H221: 45880 | I221: 0.52083333 | J221: 28.12 | K221: =E221+T221 -> 36.944 | L221: =100*(22.1*10^6*10^((4.4-6.24*((J221+273.2)/1000)+9.95*((J221+273.2)/1000)^2-5.15*((J221+273.5)/1000)^3)*(1-647.3/(J221+273.2)))-101325*((K221-J221)/1514)*(1+J221/873))/(22.1*10^6*10^((4.4-6.24*((K221+273.2)/1000)+9.95*((K221+273.2)/1000)^2-5.15*((K221+273.5)/1000)^3)*(1-647.3/(K221+273.2)))) -> 50.980244 | M221: =U221 -> 720.3 | N221: =(0.408*AB221*(AE221-$Y$7)+$Y$6*($Y$6/(K221+273))*$Y$8*(Z221-AA221))/(AB221+$Y$6*(1+AC221*$Y$8)) -> 0.57554059 | Q221: 45880 | R221: 0.52083333 | T221: 2.444 | U221: 720.3 | Z221: =0.6108*EXP(17.27*K221/(K221+237.3)) -> 6.2557009 | AA221: =(L221/100)*Z221 -> 3.1891716 | AB221: =(4098*AA221)/((K221+237.3)^2) -> 0.17377031 | AC221: =IF(M221>10,0.24,0.96) -> 0.24 | AD221: =M221*3600/1000000 -> 2.59308 | AE221: =IF(M221>10,(1-$Y$4)*AD221,0) -> 1.9966716
A222: Bet Dagan Rad | B222: 11/08/2025 12:40 | C222: 919 | D222: 47 | E222: 34.5 | F222: 4.4 | H222: 45880 | I222: 0.52777778 | J222: 28.02 | K222: =E222+T222 -> 36.896 | L222: =100*(22.1*10^6*10^((4.4-6.24*((J222+273.2)/1000)+9.95*((J222+273.2)/1000)^2-5.15*((J222+273.5)/1000)^3)*(1-647.3/(J222+273.2)))-101325*((K222-J222)/1514)*(1+J222/873))/(22.1*10^6*10^((4.4-6.24*((K222+273.2)/1000)+9.95*((K222+273.2)/1000)^2-5.15*((K222+273.5)/1000)^3)*(1-647.3/(K222+273.2)))) -> 50.702644 | M222: =U222 -> 743.4 | N222: =(0.408*AB222*(AE222-$Y$7)+$Y$6*($Y$6/(K222+273))*$Y$8*(Z222-AA222))/(AB222+$Y$6*(1+AC222*$Y$8)) -> 0.59264759 | Q222: 45880 | R222: 0.52777778 | T222: 2.396 | U222: 743.4 | Z222: =0.6108*EXP(17.27*K222/(K222+237.3)) -> 6.2393576 | AA222: =(L222/100)*Z222 -> 3.1635193 | AB222: =(4098*AA222)/((K222+237.3)^2) -> 0.17243293 | AC222: =IF(M222>10,0.24,0.96) -> 0.24 | AD222: =M222*3600/1000000 -> 2.67624 | AE222: =IF(M222>10,(1-$Y$4)*AD222,0) -> 2.0607048
A223: Bet Dagan Rad | B223: 11/08/2025 12:50 | C223: 910 | D223: 49 | E223: 34.3 | F223: 4.4 | H223: 45880 | I223: 0.53472222 | J223: 28.03 | K223: =E223+T223 -> 36.848 | L223: =100*(22.1*10^6*10^((4.4-6.24*((J223+273.2)/1000)+9.95*((J223+273.2)/1000)^2-5.15*((J223+273.5)/1000)^3)*(1-647.3/(J223+273.2)))-101325*((K223-J223)/1514)*(1+J223/873))/(22.1*10^6*10^((4.4-6.24*((K223+273.2)/1000)+9.95*((K223+273.2)/1000)^2-5.15*((K223+273.5)/1000)^3)*(1-647.3/(K223+273.2)))) -> 50.935927 | M223: =U223 -> 762.2 | N223: =(0.408*AB223*(AE223-$Y$7)+$Y$6*($Y$6/(K223+273))*$Y$8*(Z223-AA223))/(AB223+$Y$6*(1+AC223*$Y$8)) -> 0.60804984 | Q223: 45880 | R223: 0.53472222 | T223: 2.548 | U223: 762.2 | Z223: =0.6108*EXP(17.27*K223/(K223+237.3)) -> 6.2230512 | AA223: =(L223/100)*Z223 -> 3.1697688 | AB223: =(4098*AA223)/((K223+237.3)^2) -> 0.17283408 | AC223: =IF(M223>10,0.24,0.96) -> 0.24 | AD223: =M223*3600/1000000 -> 2.74392 | AE223: =IF(M223>10,(1-$Y$4)*AD223,0) -> 2.1128184
A224: Bet Dagan Rad | B224: 11/08/2025 13:00 | C224: 908 | D224: 48 | E224: 34.7 | F224: 4.4 | H224: 45880 | I224: 0.54166667 | J224: 28.19 | K224: =E224+T224 -> 36.78 | L224: =100*(22.1*10^6*10^((4.4-6.24*((J224+273.2)/1000)+9.95*((J224+273.2)/1000)^2-5.15*((J224+273.5)/1000)^3)*(1-647.3/(J224+273.2)))-101325*((K224-J224)/1514)*(1+J224/873))/(22.1*10^6*10^((4.4-6.24*((K224+273.2)/1000)+9.95*((K224+273.2)/1000)^2-5.15*((K224+273.5)/1000)^3)*(1-647.3/(K224+273.2)))) -> 51.951586 | M224: =U224 -> 758.3 | N224: =(0.408*AB224*(AE224-$Y$7)+$Y$6*($Y$6/(K224+273))*$Y$8*(Z224-AA224))/(AB224+$Y$6*(1+AC224*$Y$8)) -> 0.60787365 | Q224: 45880 | R224: 0.54166667 | T224: 2.08 | U224: 758.3 | Z224: =0.6108*EXP(17.27*K224/(K224+237.3)) -> 6.2000137 | AA224: =(L224/100)*Z224 -> 3.2210055 | AB224: =(4098*AA224)/((K224+237.3)^2) -> 0.17571496 | AC224: =IF(M224>10,0.24,0.96) -> 0.24 | AD224: =M224*3600/1000000 -> 2.72988 | AE224: =IF(M224>10,(1-$Y$4)*AD224,0) -> 2.1020076
A225: Bet Dagan Rad | B225: 11/08/2025 13:10 | C225: 902 | D225: 49 | E225: 34.5 | F225: 4.2 | H225: 45880 | I225: 0.54861111 | J225: 28.24 | K225: =E225+T225 -> 36.938 | L225: =100*(22.1*10^6*10^((4.4-6.24*((J225+273.2)/1000)+9.95*((J225+273.2)/1000)^2-5.15*((J225+273.5)/1000)^3)*(1-647.3/(J225+273.2)))-101325*((K225-J225)/1514)*(1+J225/873))/(22.1*10^6*10^((4.4-6.24*((K225+273.2)/1000)+9.95*((K225+273.2)/1000)^2-5.15*((K225+273.5)/1000)^3)*(1-647.3/(K225+273.2)))) -> 51.562618 | M225: =U225 -> 739.2 | N225: =(0.408*AB225*(AE225-$Y$7)+$Y$6*($Y$6/(K225+273))*$Y$8*(Z225-AA225))/(AB225+$Y$6*(1+AC225*$Y$8)) -> 0.5925556 | Q225: 45880 | R225: 0.54861111 | T225: 2.438 | U225: 739.2 | Z225: =0.6108*EXP(17.27*K225/(K225+237.3)) -> 6.253656 | AA225: =(L225/100)*Z225 -> 3.2245488 | AB225: =(4098*AA225)/((K225+237.3)^2) -> 0.17570561 | AC225: =IF(M225>10,0.24,0.96) -> 0.24 | AD225: =M225*3600/1000000 -> 2.66112 | AE225: =IF(M225>10,(1-$Y$4)*AD225,0) -> 2.0490624
A226: Bet Dagan Rad | B226: 11/08/2025 13:20 | C226: 900 | D226: 50 | E226: 34.4 | F226: 4.4 | H226: 45880 | I226: 0.55555556 | J226: 27.96 | K226: =E226+T226 -> 36.448 | L226: =100*(22.1*10^6*10^((4.4-6.24*((J226+273.2)/1000)+9.95*((J226+273.2)/1000)^2-5.15*((J226+273.5)/1000)^3)*(1-647.3/(J226+273.2)))-101325*((K226-J226)/1514)*(1+J226/873))/(22.1*10^6*10^((4.4-6.24*((K226+273.2)/1000)+9.95*((K226+273.2)/1000)^2-5.15*((K226+273.5)/1000)^3)*(1-647.3/(K226+273.2)))) -> 52.187286 | M226: =U226 -> 680 | N226: =(0.408*AB226*(AE226-$Y$7)+$Y$6*($Y$6/(K226+273))*$Y$8*(Z226-AA226))/(AB226+$Y$6*(1+AC226*$Y$8)) -> 0.54333137 | Q226: 45880 | R226: 0.55555556 | T226: 2.048 | U226: 680 | Z226: =0.6108*EXP(17.27*K226/(K226+237.3)) -> 6.0885944 | AA226: =(L226/100)*Z226 -> 3.1774722 | AB226: =(4098*AA226)/((K226+237.3)^2) -> 0.1737608 | AC226: =IF(M226>10,0.24,0.96) -> 0.24 | AD226: =M226*3600/1000000 -> 2.448 | AE226: =IF(M226>10,(1-$Y$4)*AD226,0) -> 1.88496
A227: Bet Dagan Rad | B227: 11/08/2025 13:30 | C227: 894 | D227: 51 | E227: 34.3 | F227: 4.2 | H227: 45880 | I227: 0.5625 | J227: 27.97 | K227: =E227+T227 -> 36.168 | L227: =100*(22.1*10^6*10^((4.4-6.24*((J227+273.2)/1000)+9.95*((J227+273.2)/1000)^2-5.15*((J227+273.5)/1000)^3)*(1-647.3/(J227+273.2)))-101325*((K227-J227)/1514)*(1+J227/873))/(22.1*10^6*10^((4.4-6.24*((K227+273.2)/1000)+9.95*((K227+273.2)/1000)^2-5.15*((K227+273.5)/1000)^3)*(1-647.3/(K227+273.2)))) -> 53.367886 | M227: =U227 -> 682.9 | N227: =(0.408*AB227*(AE227-$Y$7)+$Y$6*($Y$6/(K227+273))*$Y$8*(Z227-AA227))/(AB227+$Y$6*(1+AC227*$Y$8)) -> 0.54709905 | Q227: 45880 | R227: 0.5625 | T227: 1.868 | U227: 682.9 | Z227: =0.6108*EXP(17.27*K227/(K227+237.3)) -> 5.9959789 | AA227: =(L227/100)*Z227 -> 3.1999272 | AB227: =(4098*AA227)/((K227+237.3)^2) -> 0.17534728 | AC227: =IF(M227>10,0.24,0.96) -> 0.24 | AD227: =M227*3600/1000000 -> 2.45844 | AE227: =IF(M227>10,(1-$Y$4)*AD227,0) -> 1.8929988
A228: Bet Dagan Rad | B228: 11/08/2025 13:40 | C228: 885 | D228: 51 | E228: 34.2 | F228: 4.5 | H228: 45880 | I228: 0.56944444 | J228: 28.03 | K228: =E228+T228 -> 35.742 | L228: =100*(22.1*10^6*10^((4.4-6.24*((J228+273.2)/1000)+9.95*((J228+273.2)/1000)^2-5.15*((J228+273.5)/1000)^3)*(1-647.3/(J228+273.2)))-101325*((K228-J228)/1514)*(1+J228/873))/(22.1*10^6*10^((4.4-6.24*((K228+273.2)/1000)+9.95*((K228+273.2)/1000)^2-5.15*((K228+273.5)/1000)^3)*(1-647.3/(K228+273.2)))) -> 55.435057 | M228: =U228 -> 709.6 | N228: =(0.408*AB228*(AE228-$Y$7)+$Y$6*($Y$6/(K228+273))*$Y$8*(Z228-AA228))/(AB228+$Y$6*(1+AC228*$Y$8)) -> 0.57141438 | Q228: 45880 | R228: 0.56944444 | T228: 1.542 | U228: 709.6 | Z228: =0.6108*EXP(17.27*K228/(K228+237.3)) -> 5.857413 | AA228: =(L228/100)*Z228 -> 3.2470602 | AB228: =(4098*AA228)/((K228+237.3)^2) -> 0.17848568 | AC228: =IF(M228>10,0.24,0.96) -> 0.24 | AD228: =M228*3600/1000000 -> 2.55456 | AE228: =IF(M228>10,(1-$Y$4)*AD228,0) -> 1.9670112
A229: Bet Dagan Rad | B229: 11/08/2025 13:50 | C229: 870 | D229: 52 | E229: 34.2 | F229: 5.1 | H229: 45880 | I229: 0.57638889 | J229: 27.64 | K229: =E229+T229 -> 35.562 | L229: =100*(22.1*10^6*10^((4.4-6.24*((J229+273.2)/1000)+9.95*((J229+273.2)/1000)^2-5.15*((J229+273.5)/1000)^3)*(1-647.3/(J229+273.2)))-101325*((K229-J229)/1514)*(1+J229/873))/(22.1*10^6*10^((4.4-6.24*((K229+273.2)/1000)+9.95*((K229+273.2)/1000)^2-5.15*((K229+273.5)/1000)^3)*(1-647.3/(K229+273.2)))) -> 54.270076 | M229: =U229 -> 561.6 | N229: =(0.408*AB229*(AE229-$Y$7)+$Y$6*($Y$6/(K229+273))*$Y$8*(Z229-AA229))/(AB229+$Y$6*(1+AC229*$Y$8)) -> 0.44833799 | Q229: 45880 | R229: 0.57638889 | T229: 1.362 | U229: 561.6 | Z229: =0.6108*EXP(17.27*K229/(K229+237.3)) -> 5.7997034 | AA229: =(L229/100)*Z229 -> 3.1475034 | AB229: =(4098*AA229)/((K229+237.3)^2) -> 0.17324155 | AC229: =IF(M229>10,0.24,0.96) -> 0.24 | AD229: =M229*3600/1000000 -> 2.02176 | AE229: =IF(M229>10,(1-$Y$4)*AD229,0) -> 1.5567552
A230: Bet Dagan Rad | B230: 11/08/2025 14:00 | C230: 856 | D230: 51 | E230: 34.3 | F230: 4.9 | H230: 45880 | I230: 0.58333333 | J230: 27.68 | K230: =E230+T230 -> 35.692 | L230: =100*(22.1*10^6*10^((4.4-6.24*((J230+273.2)/1000)+9.95*((J230+273.2)/1000)^2-5.15*((J230+273.5)/1000)^3)*(1-647.3/(J230+273.2)))-101325*((K230-J230)/1514)*(1+J230/873))/(22.1*10^6*10^((4.4-6.24*((K230+273.2)/1000)+9.95*((K230+273.2)/1000)^2-5.15*((K230+273.5)/1000)^3)*(1-647.3/(K230+273.2)))) -> 53.923378 | M230: =U230 -> 644.7 | N230: =(0.408*AB230*(AE230-$Y$7)+$Y$6*($Y$6/(K230+273))*$Y$8*(Z230-AA230))/(AB230+$Y$6*(1+AC230*$Y$8)) -> 0.51464055 | Q230: 45880 | R230: 0.58333333 | T230: 1.392 | U230: 644.7 | Z230: =0.6108*EXP(17.27*K230/(K230+237.3)) -> 5.8413328 | AA230: =(L230/100)*Z230 -> 3.149844 | AB230: =(4098*AA230)/((K230+237.3)^2) -> 0.17320529 | AC230: =IF(M230>10,0.24,0.96) -> 0.24 | AD230: =M230*3600/1000000 -> 2.32092 | AE230: =IF(M230>10,(1-$Y$4)*AD230,0) -> 1.7871084
A231: Bet Dagan Rad | B231: 11/08/2025 14:10 | C231: 841 | D231: 51 | E231: 34.4 | F231: 5.5 | H231: 45880 | I231: 0.59027778 | J231: 27.53 | K231: =E231+T231 -> 35.524 | L231: =100*(22.1*10^6*10^((4.4-6.24*((J231+273.2)/1000)+9.95*((J231+273.2)/1000)^2-5.15*((J231+273.5)/1000)^3)*(1-647.3/(J231+273.2)))-101325*((K231-J231)/1514)*(1+J231/873))/(22.1*10^6*10^((4.4-6.24*((K231+273.2)/1000)+9.95*((K231+273.2)/1000)^2-5.15*((K231+273.5)/1000)^3)*(1-647.3/(K231+273.2)))) -> 53.888419 | M231: =U231 -> 636.6 | N231: =(0.408*AB231*(AE231-$Y$7)+$Y$6*($Y$6/(K231+273))*$Y$8*(Z231-AA231))/(AB231+$Y$6*(1+AC231*$Y$8)) -> 0.5068778 | Q231: 45880 | R231: 0.59027778 | T231: 1.124 | U231: 636.6 | Z231: =0.6108*EXP(17.27*K231/(K231+237.3)) -> 5.7875835 | AA231: =(L231/100)*Z231 -> 3.1188372 | AB231: =(4098*AA231)/((K231+237.3)^2) -> 0.17171155 | AC231: =IF(M231>10,0.24,0.96) -> 0.24 | AD231: =M231*3600/1000000 -> 2.29176 | AE231: =IF(M231>10,(1-$Y$4)*AD231,0) -> 1.7646552
A232: Bet Dagan Rad | B232: 11/08/2025 14:20 | C232: 827 | D232: 52 | E232: 34.1 | F232: 5 | H232: 45880 | I232: 0.59722222 | J232: 27.31 | K232: =E232+T232 -> 34.918 | L232: =100*(22.1*10^6*10^((4.4-6.24*((J232+273.2)/1000)+9.95*((J232+273.2)/1000)^2-5.15*((J232+273.5)/1000)^3)*(1-647.3/(J232+273.2)))-101325*((K232-J232)/1514)*(1+J232/873))/(22.1*10^6*10^((4.4-6.24*((K232+273.2)/1000)+9.95*((K232+273.2)/1000)^2-5.15*((K232+273.5)/1000)^3)*(1-647.3/(K232+273.2)))) -> 55.365034 | M232: =U232 -> 608.5 | N232: =(0.408*AB232*(AE232-$Y$7)+$Y$6*($Y$6/(K232+273))*$Y$8*(Z232-AA232))/(AB232+$Y$6*(1+AC232*$Y$8)) -> 0.48422185 | Q232: 45880 | R232: 0.59722222 | T232: 0.818 | U232: 608.5 | Z232: =0.6108*EXP(17.27*K232/(K232+237.3)) -> 5.5972482 | AA232: =(L232/100)*Z232 -> 3.0989183 | AB232: =(4098*AA232)/((K232+237.3)^2) -> 0.17137537 | AC232: =IF(M232>10,0.24,0.96) -> 0.24 | AD232: =M232*3600/1000000 -> 2.1906 | AE232: =IF(M232>10,(1-$Y$4)*AD232,0) -> 1.686762
... A328: Bet Dagan Rad | B328: 12/08/2025 06:20 | C328: 10 | D328: 86 | E328: 27 | F328: 1 | H328: 45881 | I328: 0.26388889 | J328: 26.04 | K328: =E328+T328 -> 28.1475 | L328: =100*(22.1*10^6*10^((4.4-6.24*((J328+273.2)/1000)+9.95*((J328+273.2)/1000)^2-5.15*((J328+273.5)/1000)^3)*(1-647.3/(J328+273.2)))-101325*((K328-J328)/1514)*(1+J328/873))/(22.1*10^6*10^((4.4-6.24*((K328+273.2)/1000)+9.95*((K328+273.2)/1000)^2-5.15*((K328+273.5)/1000)^3)*(1-647.3/(K328+273.2)))) -> 84.516945 | M328: =U328 -> 39.01 | N328: =(0.408*AB328*(AE328-$Y$7)+$Y$6*($Y$6/(K328+273))*$Y$8*(Z328-AA328))/(AB328+$Y$6*(1+AC328*$Y$8)) -> 0.031857433 | Q328: 45881 | R328: 0.26388889 | T328: 1.1475 | U328: 39.01 | Z328: =0.6108*EXP(17.27*K328/(K328+237.3)) -> 3.8125152 | AA328: =(L328/100)*Z328 -> 3.2222213 | AB328: =(4098*AA328)/((K328+237.3)^2) -> 0.1874002 | AC328: =IF(M328>10,0.24,0.96) -> 0.24 | AD328: =M328*3600/1000000 -> 0.140436 | AE328: =IF(M328>10,(1-$Y$4)*AD328,0) -> 0.10813572
A329: Bet Dagan Rad | B329: 12/08/2025 06:30 | C329: 21 | D329: 86 | E329: 27.1 | F329: 1.1 | H329: 45881 | I329: 0.27083333 | J329: 26.11 | K329: 28.44 | L329: =100*(22.1*10^6*10^((4.4-6.24*((J329+273.2)/1000)+9.95*((J329+273.2)/1000)^2-5.15*((J329+273.5)/1000)^3)*(1-647.3/(J329+273.2)))-101325*((K329-J329)/1514)*(1+J329/873))/(22.1*10^6*10^((4.4-6.24*((K329+273.2)/1000)+9.95*((K329+273.2)/1000)^2-5.15*((K329+273.5)/1000)^3)*(1-647.3/(K329+273.2)))) -> 83.051981 | M329: =U329 -> 64.18 | N329: =(0.408*AB329*(AE329-$Y$7)+$Y$6*($Y$6/(K329+273))*$Y$8*(Z329-AA329))/(AB329+$Y$6*(1+AC329*$Y$8)) -> 0.052367709 | Q329: 45881 | R329: 0.27083333 | U329: 64.18 | Z329: =0.6108*EXP(17.27*K329/(K329+237.3)) -> 3.8778564 | AA329: =(L329/100)*Z329 -> 3.2206366 | AB329: =(4098*AA329)/((K329+237.3)^2) -> 0.18689592 | AC329: =IF(M329>10,0.24,0.96) -> 0.24 | AD329: =M329*3600/1000000 -> 0.231048 | AE329: =IF(M329>10,(1-$Y$4)*AD329,0) -> 0.17790696
A330: Bet Dagan Rad | B330: 12/08/2025 06:40 | C330: 35 | D330: 86 | E330: 27.2 | F330: 1.3 | H330: 45881 | I330: 0.27777778 | J330: 26.36 | K330: 28.97 | L330: =100*(22.1*10^6*10^((4.4-6.24*((J330+273.2)/1000)+9.95*((J330+273.2)/1000)^2-5.15*((J330+273.5)/1000)^3)*(1-647.3/(J330+273.2)))-101325*((K330-J330)/1514)*(1+J330/873))/(22.1*10^6*10^((4.4-6.24*((K330+273.2)/1000)+9.95*((K330+273.2)/1000)^2-5.15*((K330+273.5)/1000)^3)*(1-647.3/(K330+273.2)))) -> 81.308519 | M330: =U330 -> 74.87 | N330: =(0.408*AB330*(AE330-$Y$7)+$Y$6*($Y$6/(K330+273))*$Y$8*(Z330-AA330))/(AB330+$Y$6*(1+AC330*$Y$8)) -> 0.061183243 | Q330: 45881 | R330: 0.27777778 | U330: 74.87 | Z330: =0.6108*EXP(17.27*K330/(K330+237.3)) -> 3.9987383 | AA330: =(L330/100)*Z330 -> 3.2513149 | AB330: =(4098*AA330)/((K330+237.3)^2) -> 0.18792584 | AC330: =IF(M330>10,0.24,0.96) -> 0.24 | AD330: =M330*3600/1000000 -> 0.269532 | AE330: =IF(M330>10,(1-$Y$4)*AD330,0) -> 0.20753964
A331: Bet Dagan Rad | B331: 12/08/2025 06:50 | C331: 51 | D331: 86 | E331: 27.4 | F331: 0.9 | H331: 45881 | I331: 0.28472222 | J331: 26.51 | K331: 29.29 | L331: =100*(22.1*10^6*10^((4.4-6.24*((J331+273.2)/1000)+9.95*((J331+273.2)/1000)^2-5.15*((J331+273.5)/1000)^3)*(1-647.3/(J331+273.2)))-101325*((K331-J331)/1514)*(1+J331/873))/(22.1*10^6*10^((4.4-6.24*((K331+273.2)/1000)+9.95*((K331+273.2)/1000)^2-5.15*((K331+273.5)/1000)^3)*(1-647.3/(K331+273.2)))) -> 80.276163 | M331: =U331 -> 85.1 | N331: =(0.408*AB331*(AE331-$Y$7)+$Y$6*($Y$6/(K331+273))*$Y$8*(Z331-AA331))/(AB331+$Y$6*(1+AC331*$Y$8)) -> 0.069605818 | Q331: 45881 | R331: 0.28472222 | U331: 85.1 | Z331: =0.6108*EXP(17.27*K331/(K331+237.3)) -> 4.0732998 | AA331: =(L331/100)*Z331 -> 3.2698888 | AB331: =(4098*AA331)/((K331+237.3)^2) -> 0.18854596 | AC331: =IF(M331>10,0.24,0.96) -> 0.24 | AD331: =M331*3600/1000000 -> 0.30636 | AE331: =IF(M331>10,(1-$Y$4)*AD331,0) -> 0.2358972
A332: Bet Dagan Rad | B332: 12/08/2025 07:00 | C332: 70 | D332: 86 | E332: 27.6 | F332: 1 | H332: 45881 | I332: 0.29166667 | J332: 26.45 | K332: 29.3 | L332: =100*(22.1*10^6*10^((4.4-6.24*((J332+273.2)/1000)+9.95*((J332+273.2)/1000)^2-5.15*((J332+273.5)/1000)^3)*(1-647.3/(J332+273.2)))-101325*((K332-J332)/1514)*(1+J332/873))/(22.1*10^6*10^((4.4-6.24*((K332+273.2)/1000)+9.95*((K332+273.2)/1000)^2-5.15*((K332+273.5)/1000)^3)*(1-647.3/(K332+273.2)))) -> 79.810425 | M332: =U332 -> 95.2 | N332: =(0.408*AB332*(AE332-$Y$7)+$Y$6*($Y$6/(K332+273))*$Y$8*(Z332-AA332))/(AB332+$Y$6*(1+AC332*$Y$8)) -> 0.077750881 | Q332: 45881 | R332: 0.29166667 | U332: 95.2 | Z332: =0.6108*EXP(17.27*K332/(K332+237.3)) -> 4.0756492 | AA332: =(L332/100)*Z332 -> 3.2527929 | AB332: =(4098*AA332)/((K332+237.3)^2) -> 0.18754612 | AC332: =IF(M332>10,0.24,0.96) -> 0.24 | AD332: =M332*3600/1000000 -> 0.34272 | AE332: =IF(M332>10,(1-$Y$4)*AD332,0) -> 0.2638944
A333: Bet Dagan Rad | B333: 12/08/2025 07:10 | C333: 91 | D333: 86 | E333: 27.8 | F333: 1.4 | H333: 45881 | I333: 0.29861111 | J333: 26.61 | K333: 29.67 | L333: =100*(22.1*10^6*10^((4.4-6.24*((J333+273.2)/1000)+9.95*((J333+273.2)/1000)^2-5.15*((J333+273.5)/1000)^3)*(1-647.3/(J333+273.2)))-101325*((K333-J333)/1514)*(1+J333/873))/(22.1*10^6*10^((4.4-6.24*((K333+273.2)/1000)+9.95*((K333+273.2)/1000)^2-5.15*((K333+273.5)/1000)^3)*(1-647.3/(K333+273.2)))) -> 78.559586 | M333: =U333 -> 107.9 | N333: =(0.408*AB333*(AE333-$Y$7)+$Y$6*($Y$6/(K333+273))*$Y$8*(Z333-AA333))/(AB333+$Y$6*(1+AC333*$Y$8)) -> 0.088189291 | Q333: 45881 | R333: 0.29861111 | U333: 107.9 | Z333: =0.6108*EXP(17.27*K333/(K333+237.3)) -> 4.16341 | AA333: =(L333/100)*Z333 -> 3.2707577 | AB333: =(4098*AA333)/((K333+237.3)^2) -> 0.18805955 | AC333: =IF(M333>10,0.24,0.96) -> 0.24 | AD333: =M333*3600/1000000 -> 0.38844 | AE333: =IF(M333>10,(1-$Y$4)*AD333,0) -> 0.2990988
A334: Bet Dagan Rad | B334: 12/08/2025 07:20 | C334: 116 | D334: 85 | E334: 28 | F334: 1 | H334: 45881 | I334: 0.30555556 | J334: 26.79 | K334: 30.1 | L334: =100*(22.1*10^6*10^((4.4-6.24*((J334+273.2)/1000)+9.95*((J334+273.2)/1000)^2-5.15*((J334+273.5)/1000)^3)*(1-647.3/(J334+273.2)))-101325*((K334-J334)/1514)*(1+J334/873))/(22.1*10^6*10^((4.4-6.24*((K334+273.2)/1000)+9.95*((K334+273.2)/1000)^2-5.15*((K334+273.5)/1000)^3)*(1-647.3/(K334+273.2)))) -> 77.102563 | M334: =U334 -> 125.8 | N334: =(0.408*AB334*(AE334-$Y$7)+$Y$6*($Y$6/(K334+273))*$Y$8*(Z334-AA334))/(AB334+$Y$6*(1+AC334*$Y$8)) -> 0.1028965 | Q334: 45881 | R334: 0.30555556 | U334: 125.8 | Z334: =0.6108*EXP(17.27*K334/(K334+237.3)) -> 4.2674631 | AA334: =(L334/100)*Z334 -> 3.2903234 | AB334: =(4098*AA334)/((K334+237.3)^2) -> 0.18857657 | AC334: =IF(M334>10,0.24,0.96) -> 0.24 | AD334: =M334*3600/1000000 -> 0.45288 | AE334: =IF(M334>10,(1-$Y$4)*AD334,0) -> 0.3487176
A335: Bet Dagan Rad | B335: 12/08/2025 07:30 | C335: 143 | D335: 84 | E335: 28.3 | F335: 1.4 | H335: 45881 | I335: 0.3125 | J335: 27.05 | K335: 30.79 | L335: =100*(22.1*10^6*10^((4.4-6.24*((J335+273.2)/1000)+9.95*((J335+273.2)/1000)^2-5.15*((J335+273.5)/1000)^3)*(1-647.3/(J335+273.2)))-101325*((K335-J335)/1514)*(1+J335/873))/(22.1*10^6*10^((4.4-6.24*((K335+273.2)/1000)+9.95*((K335+273.2)/1000)^2-5.15*((K335+273.5)/1000)^3)*(1-647.3/(K335+273.2)))) -> 74.662041 | M335: =U335 -> 138.4 | N335: =(0.408*AB335*(AE335-$Y$7)+$Y$6*($Y$6/(K335+273))*$Y$8*(Z335-AA335))/(AB335+$Y$6*(1+AC335*$Y$8)) -> 0.11326991 | Q335: 45881 | R335: 0.3125 | U335: 138.4 | Z335: =0.6108*EXP(17.27*K335/(K335+237.3)) -> 4.4391593 | AA335: =(L335/100)*Z335 -> 3.3143669 | AB335: =(4098*AA335)/((K335+237.3)^2) -> 0.18897803 | AC335: =IF(M335>10,0.24,0.96) -> 0.24 | AD335: =M335*3600/1000000 -> 0.49824 | AE335: =IF(M335>10,(1-$Y$4)*AD335,0) -> 0.3836448
A336: Bet Dagan Rad | B336: 12/08/2025 07:40 | C336: 170 | D336: 84 | E336: 28.5 | F336: 1.9 | H336: 45881 | I336: 0.31944444 | J336: 27.21 | K336: 31.44 | L336: =100*(22.1*10^6*10^((4.4-6.24*((J336+273.2)/1000)+9.95*((J336+273.2)/1000)^2-5.15*((J336+273.5)/1000)^3)*(1-647.3/(J336+273.2)))-101325*((K336-J336)/1514)*(1+J336/873))/(22.1*10^6*10^((4.4-6.24*((K336+273.2)/1000)+9.95*((K336+273.2)/1000)^2-5.15*((K336+273.5)/1000)^3)*(1-647.3/(K336+273.2)))) -> 71.938841 | M336: =U336 -> 189.2 | N336: =(0.408*AB336*(AE336-$Y$7)+$Y$6*($Y$6/(K336+273))*$Y$8*(Z336-AA336))/(AB336+$Y$6*(1+AC336*$Y$8)) -> 0.15462635 | Q336: 45881 | R336: 0.31944444 | U336: 189.2 | Z336: =0.6108*EXP(17.27*K336/(K336+237.3)) -> 4.6063625 | AA336: =(L336/100)*Z336 -> 3.3137638 | AB336: =(4098*AA336)/((K336+237.3)^2) -> 0.18803075 | AC336: =IF(M336>10,0.24,0.96) -> 0.24 | AD336: =M336*3600/1000000 -> 0.68112 | AE336: =IF(M336>10,(1-$Y$4)*AD336,0) -> 0.5244624
A337: Bet Dagan Rad | B337: 12/08/2025 07:50 | C337: 198 | D337: 82 | E337: 28.7 | F337: 1.4 | H337: 45881 | I337: 0.32638889 | J337: 27.05 | K337: 32.16 | L337: =100*(22.1*10^6*10^((4.4-6.24*((J337+273.2)/1000)+9.95*((J337+273.2)/1000)^2-5.15*((J337+273.5)/1000)^3)*(1-647.3/(J337+273.2)))-101325*((K337-J337)/1514)*(1+J337/873))/(22.1*10^6*10^((4.4-6.24*((K337+273.2)/1000)+9.95*((K337+273.2)/1000)^2-5.15*((K337+273.5)/1000)^3)*(1-647.3/(K337+273.2)))) -> 67.08401 | M337: =U337 -> 262.9 | N337: =(0.408*AB337*(AE337-$Y$7)+$Y$6*($Y$6/(K337+273))*$Y$8*(Z337-AA337))/(AB337+$Y$6*(1+AC337*$Y$8)) -> 0.21278482 | Q337: 45881 | R337: 0.32638889 | U337: 262.9 | Z337: =0.6108*EXP(17.27*K337/(K337+237.3)) -> 4.7979346 | AA337: =(L337/100)*Z337 -> 3.2186469 | AB337: =(4098*AA337)/((K337+237.3)^2) -> 0.1816589 | AC337: =IF(M337>10,0.24,0.96) -> 0.24 | AD337: =M337*3600/1000000 -> 0.94644 | AE337: =IF(M337>10,(1-$Y$4)*AD337,0) -> 0.7287588
A338: Bet Dagan Rad | B338: 12/08/2025 08:00 | C338: 228 | D338: 81 | E338: 29 | F338: 1.1 | H338: 45881 | I338: 0.33333333 | J338: 27.03 | K338: 32.54 | L338: =100*(22.1*10^6*10^((4.4-6.24*((J338+273.2)/1000)+9.95*((J338+273.2)/1000)^2-5.15*((J338+273.5)/1000)^3)*(1-647.3/(J338+273.2)))-101325*((K338-J338)/1514)*(1+J338/873))/(22.1*10^6*10^((4.4-6.24*((K338+273.2)/1000)+9.95*((K338+273.2)/1000)^2-5.15*((K338+273.5)/1000)^3)*(1-647.3/(K338+273.2)))) -> 65.007124 | M338: =U338 -> 298.9 | N338: =(0.408*AB338*(AE338-$Y$7)+$Y$6*($Y$6/(K338+273))*$Y$8*(Z338-AA338))/(AB338+$Y$6*(1+AC338*$Y$8)) -> 0.24103459 | Q338: 45881 | R338: 0.33333333 | U338: 298.9 | Z338: =0.6108*EXP(17.27*K338/(K338+237.3)) -> 4.9018037 | AA338: =(L338/100)*Z338 -> 3.1865216 | AB338: =(4098*AA338)/((K338+237.3)^2) -> 0.17933959 | AC338: =IF(M338>10,0.24,0.96) -> 0.24 | AD338: =M338*3600/1000000 -> 1.07604 | AE338: =IF(M338>10,(1-$Y$4)*AD338,0) -> 0.8285508
A339: Bet Dagan Rad | B339: 12/08/2025 08:10 | C339: 257 | D339: 80 | E339: 29.2 | F339: 1.5 | H339: 45881 | I339: 0.34027778 | J339: 27.31 | K339: 32.92 | L339: =100*(22.1*10^6*10^((4.4-6.24*((J339+273.2)/1000)+9.95*((J339+273.2)/1000)^2-5.15*((J339+273.5)/1000)^3)*(1-647.3/(J339+273.2)))-101325*((K339-J339)/1514)*(1+J339/873))/(22.1*10^6*10^((4.4-6.24*((K339+273.2)/1000)+9.95*((K339+273.2)/1000)^2-5.15*((K339+273.5)/1000)^3)*(1-647.3/(K339+273.2)))) -> 64.671241 | M339: =U339 -> 340 | N339: =(0.408*AB339*(AE339-$Y$7)+$Y$6*($Y$6/(K339+273))*$Y$8*(Z339-AA339))/(AB339+$Y$6*(1+AC339*$Y$8)) -> 0.27522293 | Q339: 45881 | R339: 0.34027778 | U339: 340 | Z339: =0.6108*EXP(17.27*K339/(K339+237.3)) -> 5.0076198 | AA339: =(L339/100)*Z339 -> 3.2384898 | AB339: =(4098*AA339)/((K339+237.3)^2) -> 0.18175213 | AC339: =IF(M339>10,0.24,0.96) -> 0.24 | AD339: =M339*3600/1000000 -> 1.224 | AE339: =IF(M339>10,(1-$Y$4)*AD339,0) -> 0.94248
A340: Bet Dagan Rad | B340: 12/08/2025 08:20 | C340: 286 | D340: 78 | E340: 29.5 | F340: 1 | H340: 45881 | I340: 0.34722222 | J340: 27.54 | K340: 33.62 | L340: =100*(22.1*10^6*10^((4.4-6.24*((J340+273.2)/1000)+9.95*((J340+273.2)/1000)^2-5.15*((J340+273.5)/1000)^3)*(1-647.3/(J340+273.2)))-101325*((K340-J340)/1514)*(1+J340/873))/(22.1*10^6*10^((4.4-6.24*((K340+273.2)/1000)+9.95*((K340+273.2)/1000)^2-5.15*((K340+273.5)/1000)^3)*(1-647.3/(K340+273.2)))) -> 62.497416 | M340: =U340 -> 309.4 | N340: =(0.408*AB340*(AE340-$Y$7)+$Y$6*($Y$6/(K340+273))*$Y$8*(Z340-AA340))/(AB340+$Y$6*(1+AC340*$Y$8)) -> 0.250446 | Q340: 45881 | R340: 0.34722222 | U340: 309.4 | Z340: =0.6108*EXP(17.27*K340/(K340+237.3)) -> 5.2077431 | AA340: =(L340/100)*Z340 -> 3.2547049 | AB340: =(4098*AA340)/((K340+237.3)^2) -> 0.18171946 | AC340: =IF(M340>10,0.24,0.96) -> 0.24 | AD340: =M340*3600/1000000 -> 1.11384 | AE340: =IF(M340>10,(1-$Y$4)*AD340,0) -> 0.8576568
... A1097: Bet Dagan Rad | B1097: 17/08/2025 14:30 | C1097: 941 | D1097: 50 | E1097: 32.6 | F1097: 5.1 | H1097: 45886 | I1097: 0.60416667 | J1097: 25.85 | K1097: 32.56 | L1097: =100*(22.1*10^6*10^((4.4-6.24*((J1097+273.2)/1000)+9.95*((J1097+273.2)/1000)^2-5.15*((J1097+273.5)/1000)^3)*(1-647.3/(J1097+273.2)))-101325*((K1097-J1097)/1514)*(1+J1097/873))/(22.1*10^6*10^((4.4-6.24*((K1097+273.2)/1000)+9.95*((K1097+273.2)/1000)^2-5.15*((K1097+273.5)/1000)^3)*(1-647.3/(K1097+273.2)))) -> 58.350967 | M1097: =U1097 -> 639.3 | N1097: =(0.408*AB1097*(AE1097-$Y$7)+$Y$6*($Y$6/(K1097+273))*$Y$8*(Z1097-AA1097))/(AB1097+$Y$6*(1+AC1097*$Y$8)) -> 0.4993154 | Q1097: 45886 | R1097: 0.60416667 | U1097: 639.3 | Z1097: =0.6108*EXP(17.27*K1097/(K1097+237.3)) -> 4.9073241 | AA1097: =(L1097/100)*Z1097 -> 2.8634711 | AB1097: =(4098*AA1097)/((K1097+237.3)^2) -> 0.1611342 | AC1097: =IF(M1097>10,0.24,0.96) -> 0.24 | AD1097: =M1097*3600/1000000 -> 2.30148 | AE1097: =IF(M1097>10,(1-$Y$4)*AD1097,0) -> 1.7721396
A1098: Bet Dagan Rad | B1098: 17/08/2025 14:40 | C1098: 812 | D1098: 51 | E1098: 32.5 | F1098: 5 | H1098: 45886 | I1098: 0.61111111 | J1098: 25.58 | K1098: 32.29 | L1098: =100*(22.1*10^6*10^((4.4-6.24*((J1098+273.2)/1000)+9.95*((J1098+273.2)/1000)^2-5.15*((J1098+273.5)/1000)^3)*(1-647.3/(J1098+273.2)))-101325*((K1098-J1098)/1514)*(1+J1098/873))/(22.1*10^6*10^((4.4-6.24*((K1098+273.2)/1000)+9.95*((K1098+273.2)/1000)^2-5.15*((K1098+273.5)/1000)^3)*(1-647.3/(K1098+273.2)))) -> 58.154391 | M1098: =U1098 -> 373.5 | N1098: =(0.408*AB1098*(AE1098-$Y$7)+$Y$6*($Y$6/(K1098+273))*$Y$8*(Z1098-AA1098))/(AB1098+$Y$6*(1+AC1098*$Y$8)) -> 0.29023114 | Q1098: 45886 | R1098: 0.61111111 | S1098: TWB AVERAGE | T1098: TDB AVERAGE | U1098: 373.5 | Z1098: =0.6108*EXP(17.27*K1098/(K1098+237.3)) -> 4.8332515 | AA1098: =(L1098/100)*Z1098 -> 2.810748 | AB1098: =(4098*AA1098)/((K1098+237.3)^2) -> 0.15848432 | AC1098: =IF(M1098>10,0.24,0.96) -> 0.24 | AD1098: =M1098*3600/1000000 -> 1.3446 | AE1098: =IF(M1098>10,(1-$Y$4)*AD1098,0) -> 1.035342
A1099: Bet Dagan Rad | B1099: 17/08/2025 14:50 | C1099: 847 | D1099: 52 | E1099: 32.2 | F1099: 4.4 | H1099: 45886 | I1099: 0.61805556 | J1099: =E1100+S1099 -> 24.97 | K1099: =E1099-T1099 -> 32.685 | L1099: =100*(22.1*10^6*10^((4.4-6.24*((J1099+273.2)/1000)+9.95*((J1099+273.2)/1000)^2-5.15*((J1099+273.5)/1000)^3)*(1-647.3/(J1099+273.2)))-101325*((K1099-J1099)/1514)*(1+J1099/873))/(22.1*10^6*10^((4.4-6.24*((K1099+273.2)/1000)+9.95*((K1099+273.2)/1000)^2-5.15*((K1099+273.5)/1000)^3)*(1-647.3/(K1099+273.2)))) -> 53.102598 | M1099: =AVERAGE(U811,U955) -> 246.1 | N1099: =(0.408*AB1099*(AE1099-$Y$7)+$Y$6*($Y$6/(K1099+273))*$Y$8*(Z1099-AA1099))/(AB1099+$Y$6*(1+AC1099*$Y$8)) -> 0.1869157 | S1099: -7.13 | T1099: -0.485 | Z1099: =0.6108*EXP(17.27*K1099/(K1099+237.3)) -> 4.9419495 | AA1099: =(L1099/100)*Z1099 -> 2.6243036 | AB1099: =(4098*AA1099)/((K1099+237.3)^2) -> 0.14753897 | AC1099: =IF(M1099>10,0.24,0.96) -> 0.24 | AD1099: =M1099*3600/1000000 -> 0.88596 | AE1099: =IF(M1099>10,(1-$Y$4)*AD1099,0) -> 0.6821892
A1100: Bet Dagan Rad | B1100: 17/08/2025 15:00 | C1100: 572 | D1100: 53 | E1100: 32.1 | F1100: 4.4 | H1100: 45886 | I1100: 0.625 | J1100: =E1101+S1100 -> 24.6075 | K1100: =E1100-T1100 -> 32.895 | L1100: =100*(22.1*10^6*10^((4.4-6.24*((J1100+273.2)/1000)+9.95*((J1100+273.2)/1000)^2-5.15*((J1100+273.5)/1000)^3)*(1-647.3/(J1100+273.2)))-101325*((K1100-J1100)/1514)*(1+J1100/873))/(22.1*10^6*10^((4.4-6.24*((K1100+273.2)/1000)+9.95*((K1100+273.2)/1000)^2-5.15*((K1100+273.5)/1000)^3)*(1-647.3/(K1100+273.2)))) -> 50.334235 | M1100: =AVERAGE(U812,U956) -> 329.4 | N1100: =(0.408*AB1100*(AE1100-$Y$7)+$Y$6*($Y$6/(K1100+273))*$Y$8*(Z1100-AA1100))/(AB1100+$Y$6*(1+AC1100*$Y$8)) -> 0.24658705 | S1100: -6.9925 | T1100: -0.795 | Z1100: =0.6108*EXP(17.27*K1100/(K1100+237.3)) -> 5.0005978 | AA1100: =(L1100/100)*Z1100 -> 2.5170126 | AB1100: =(4098*AA1100)/((K1100+237.3)^2) -> 0.14128717 | AC1100: =IF(M1100>10,0.24,0.96) -> 0.24 | AD1100: =M1100*3600/1000000 -> 1.18584 | AE1100: =IF(M1100>10,(1-$Y$4)*AD1100,0) -> 0.9130968
A1101: Bet Dagan Rad | B1101: 17/08/2025 15:10 | C1101: 678 | D1101: 54 | E1101: 31.6 | F1101: 5 | H1101: 45886 | I1101: 0.63194444 | J1101: =E1102+S1101 -> 24.495 | K1101: =E1101-T1101 -> 32.3375 | L1101: =100*(22.1*10^6*10^((4.4-6.24*((J1101+273.2)/1000)+9.95*((J1101+273.2)/1000)^2-5.15*((J1101+273.5)/1000)^3)*(1-647.3/(J1101+273.2)))-101325*((K1101-J1101)/1514)*(1+J1101/873))/(22.1*10^6*10^((4.4-6.24*((K1101+273.2)/1000)+9.95*((K1101+273.2)/1000)^2-5.15*((K1101+273.5)/1000)^3)*(1-647.3/(K1101+273.2)))) -> 52.150629 | M1101: =AVERAGE(U813,U957) -> 293.15 | N1101: =(0.408*AB1101*(AE1101-$Y$7)+$Y$6*($Y$6/(K1101+273))*$Y$8*(Z1101-AA1101))/(AB1101+$Y$6*(1+AC1101*$Y$8)) -> 0.2200619 | S1101: -7.005 | T1101: -0.7375 | Z1101: =0.6108*EXP(17.27*K1101/(K1101+237.3)) -> 4.846212 | AA1101: =(L1101/100)*Z1101 -> 2.52733 | AB1101: =(4098*AA1101)/((K1101+237.3)^2) -> 0.14245357 | AC1101: =IF(M1101>10,0.24,0.96) -> 0.24 | AD1101: =M1101*3600/1000000 -> 1.05534 | AE1101: =IF(M1101>10,(1-$Y$4)*AD1101,0) -> 0.8126118
A1102: Bet Dagan Rad | B1102: 17/08/2025 15:20 | C1102: 787 | D1102: 53 | E1102: 31.5 | F1102: 4.3 | H1102: 45886 | I1102: 0.63888889 | J1102: =E1103+S1102 -> 24.7075 | K1102: =E1102-T1102 -> 32.3425 | L1102: =100*(22.1*10^6*10^((4.4-6.24*((J1102+273.2)/1000)+9.95*((J1102+273.2)/1000)^2-5.15*((J1102+273.5)/1000)^3)*(1-647.3/(J1102+273.2)))-101325*((K1102-J1102)/1514)*(1+J1102/873))/(22.1*10^6*10^((4.4-6.24*((K1102+273.2)/1000)+9.95*((K1102+273.2)/1000)^2-5.15*((K1102+273.5)/1000)^3)*(1-647.3/(K1102+273.2)))) -> 53.241424 | M1102: =AVERAGE(U814,U958) -> 221.4 | N1102: =(0.408*AB1102*(AE1102-$Y$7)+$Y$6*($Y$6/(K1102+273))*$Y$8*(Z1102-AA1102))/(AB1102+$Y$6*(1+AC1102*$Y$8)) -> 0.1673774 | S1102: -7.1925 | T1102: -0.8425 | Z1102: =0.6108*EXP(17.27*K1102/(K1102+237.3)) -> 4.847578 | AA1102: =(L1102/100)*Z1102 -> 2.5809195 | AB1102: =(4098*AA1102)/((K1102+237.3)^2) -> 0.14546876 | AC1102: =IF(M1102>10,0.24,0.96) -> 0.24 | AD1102: =M1102*3600/1000000 -> 0.79704 | AE1102: =IF(M1102>10,(1-$Y$4)*AD1102,0) -> 0.6137208
A1103: Bet Dagan Rad | B1103: 17/08/2025 15:30 | C1103: 789 | D1103: 52 | E1103: 31.9 | F1103: 5.5 | H1103: 45886 | I1103: 0.64583333 | J1103: =E1104+S1103 -> 24.3925 | K1103: =E1103-T1103 -> 33.1025 | L1103: =100*(22.1*10^6*10^((4.4-6.24*((J1103+273.2)/1000)+9.95*((J1103+273.2)/1000)^2-5.15*((J1103+273.5)/1000)^3)*(1-647.3/(J1103+273.2)))-101325*((K1103-J1103)/1514)*(1+J1103/873))/(22.1*10^6*10^((4.4-6.24*((K1103+273.2)/1000)+9.95*((K1103+273.2)/1000)^2-5.15*((K1103+273.5)/1000)^3)*(1-647.3/(K1103+273.2)))) -> 48.392046 | M1103: =AVERAGE(U815,U959) -> 323.55 | N1103: =(0.408*AB1103*(AE1103-$Y$7)+$Y$6*($Y$6/(K1103+273))*$Y$8*(Z1103-AA1103))/(AB1103+$Y$6*(1+AC1103*$Y$8)) -> 0.23980569 | S1103: -7.3075 | T1103: -1.2025 | Z1103: =0.6108*EXP(17.27*K1103/(K1103+237.3)) -> 5.0591404 | AA1103: =(L1103/100)*Z1103 -> 2.4482215 | AB1103: =(4098*AA1103)/((K1103+237.3)^2) -> 0.1372149 | AC1103: =IF(M1103>10,0.24,0.96) -> 0.24 | AD1103: =M1103*3600/1000000 -> 1.16478 | AE1103: =IF(M1103>10,(1-$Y$4)*AD1103,0) -> 0.8968806
A1104: Bet Dagan Rad | B1104: 17/08/2025 15:40 | C1104: 643 | D1104: 52 | E1104: 31.7 | F1104: 4.7 | H1104: 45886 | I1104: 0.65277778 | J1104: =E1105+S1104 -> 24.7725 | K1104: =E1104-T1104 -> 32.66 | L1104: =100*(22.1*10^6*10^((4.4-6.24*((J1104+273.2)/1000)+9.95*((J1104+273.2)/1000)^2-5.15*((J1104+273.5)/1000)^3)*(1-647.3/(J1104+273.2)))-101325*((K1104-J1104)/1514)*(1+J1104/873))/(22.1*10^6*10^((4.4-6.24*((K1104+273.2)/1000)+9.95*((K1104+273.2)/1000)^2-5.15*((K1104+273.5)/1000)^3)*(1-647.3/(K1104+273.2)))) -> 52.186236 | M1104: =AVERAGE(U816,U960) -> 450.55 | N1104: =(0.408*AB1104*(AE1104-$Y$7)+$Y$6*($Y$6/(K1104+273))*$Y$8*(Z1104-AA1104))/(AB1104+$Y$6*(1+AC1104*$Y$8)) -> 0.34005937 | S1104: -7.0275 | T1104: -0.96 | Z1104: =0.6108*EXP(17.27*K1104/(K1104+237.3)) -> 4.9350075 | AA1104: =(L1104/100)*Z1104 -> 2.5753947 | AB1104: =(4098*AA1104)/((K1104+237.3)^2) -> 0.14481612 | AC1104: =IF(M1104>10,0.24,0.96) -> 0.24 | AD1104: =M1104*3600/1000000 -> 1.62198 | AE1104: =IF(M1104>10,(1-$Y$4)*AD1104,0) -> 1.2489246
A1105: Bet Dagan Rad | B1105: 17/08/2025 15:50 | C1105: 700 | D1105: 52 | E1105: 31.8 | F1105: 5.1 | H1105: 45886 | I1105: 0.65972222 | J1105: =E1106+S1105 -> 24.88 | K1105: =E1105-T1105 -> 32.6575 | L1105: =100*(22.1*10^6*10^((4.4-6.24*((J1105+273.2)/1000)+9.95*((J1105+273.2)/1000)^2-5.15*((J1105+273.5)/1000)^3)*(1-647.3/(J1105+273.2)))-101325*((K1105-J1105)/1514)*(1+J1105/873))/(22.1*10^6*10^((4.4-6.24*((K1105+273.2)/1000)+9.95*((K1105+273.2)/1000)^2-5.15*((K1105+273.5)/1000)^3)*(1-647.3/(K1105+273.2)))) -> 52.754854 | M1105: =AVERAGE(U817,U961) -> 422.7 | N1105: =(0.408*AB1105*(AE1105-$Y$7)+$Y$6*($Y$6/(K1105+273))*$Y$8*(Z1105-AA1105))/(AB1105+$Y$6*(1+AC1105*$Y$8)) -> 0.32017649 | S1105: -6.82 | T1105: -0.8575 | Z1105: =0.6108*EXP(17.27*K1105/(K1105+237.3)) -> 4.9343138 | AA1105: =(L1105/100)*Z1105 -> 2.60309 | AB1105: =(4098*AA1105)/((K1105+237.3)^2) -> 0.14637616 | AC1105: =IF(M1105>10,0.24,0.96) -> 0.24 | AD1105: =M1105*3600/1000000 -> 1.52172 | AE1105: =IF(M1105>10,(1-$Y$4)*AD1105,0) -> 1.1717244
A1106: Bet Dagan Rad | B1106: 17/08/2025 16:00 | C1106: 673 | D1106: 52 | E1106: 31.7 | F1106: 5.3 | H1106: 45886 | I1106: 0.66666667 | J1106: =E1107+S1106 -> 25.125 | K1106: =E1106-T1106 -> 32.5325 | L1106: =100*(22.1*10^6*10^((4.4-6.24*((J1106+273.2)/1000)+9.95*((J1106+273.2)/1000)^2-5.15*((J1106+273.5)/1000)^3)*(1-647.3/(J1106+273.2)))-101325*((K1106-J1106)/1514)*(1+J1106/873))/(22.1*10^6*10^((4.4-6.24*((K1106+273.2)/1000)+9.95*((K1106+273.2)/1000)^2-5.15*((K1106+273.5)/1000)^3)*(1-647.3/(K1106+273.2)))) -> 54.593802 | M1106: =AVERAGE(U818,U962) -> 384.3 | N1106: =(0.408*AB1106*(AE1106-$Y$7)+$Y$6*($Y$6/(K1106+273))*$Y$8*(Z1106-AA1106))/(AB1106+$Y$6*(1+AC1106*$Y$8)) -> 0.29378592 | S1106: -6.775 | T1106: -0.8325 | Z1106: =0.6108*EXP(17.27*K1106/(K1106+237.3)) -> 4.8997349 | AA1106: =(L1106/100)*Z1106 -> 2.6749516 | AB1106: =(4098*AA1106)/((K1106+237.3)^2) -> 0.15055645 | AC1106: =IF(M1106>10,0.24,0.96) -> 0.24 | AD1106: =M1106*3600/1000000 -> 1.38348 | AE1106: =IF(M1106>10,(1-$Y$4)*AD1106,0) -> 1.0652796
A1107: Bet Dagan Rad | B1107: 17/08/2025 16:10 | C1107: 630 | D1107: 52 | E1107: 31.9 | F1107: 5.3 | H1107: 45886 | I1107: 0.67361111 | J1107: =E1108+S1107 -> 24.91 | K1107: =E1107-T1107 -> 33.12 | L1107: =100*(22.1*10^6*10^((4.4-6.24*((J1107+273.2)/1000)+9.95*((J1107+273.2)/1000)^2-5.15*((J1107+273.5)/1000)^3)*(1-647.3/(J1107+273.2)))-101325*((K1107-J1107)/1514)*(1+J1107/873))/(22.1*10^6*10^((4.4-6.24*((K1107+273.2)/1000)+9.95*((K1107+273.2)/1000)^2-5.15*((K1107+273.5)/1000)^3)*(1-647.3/(K1107+273.2)))) -> 50.918713 | M1107: =AVERAGE(U819,U963) -> 295.45 | N1107: =(0.408*AB1107*(AE1107-$Y$7)+$Y$6*($Y$6/(K1107+273))*$Y$8*(Z1107-AA1107))/(AB1107+$Y$6*(1+AC1107*$Y$8)) -> 0.22285352 | S1107: -6.99 | T1107: -1.22 | Z1107: =0.6108*EXP(17.27*K1107/(K1107+237.3)) -> 5.0641048 | AA1107: =(L1107/100)*Z1107 -> 2.578577 | AB1107: =(4098*AA1107)/((K1107+237.3)^2) -> 0.14450219 | AC1107: =IF(M1107>10,0.24,0.96) -> 0.24 | AD1107: =M1107*3600/1000000 -> 1.06362 | AE1107: =IF(M1107>10,(1-$Y$4)*AD1107,0) -> 0.8189874
A1108: Bet Dagan Rad | B1108: 17/08/2025 16:20 | C1108: 638 | D1108: 53 | E1108: 31.9 | F1108: 5.5 | H1108: 45886 | I1108: 0.68055556 | J1108: =E1109+S1108 -> 25.06 | K1108: =E1108-T1108 -> 32.75 | L1108: =100*(22.1*10^6*10^((4.4-6.24*((J1108+273.2)/1000)+9.95*((J1108+273.2)/1000)^2-5.15*((J1108+273.5)/1000)^3)*(1-647.3/(J1108+273.2)))-101325*((K1108-J1108)/1514)*(1+J1108/873))/(22.1*10^6*10^((4.4-6.24*((K1108+273.2)/1000)+9.95*((K1108+273.2)/1000)^2-5.15*((K1108+273.5)/1000)^3)*(1-647.3/(K1108+273.2)))) -> 53.285572 | M1108: =AVERAGE(U820,U964) -> 187.85 | N1108: =(0.408*AB1108*(AE1108-$Y$7)+$Y$6*($Y$6/(K1108+273))*$Y$8*(Z1108-AA1108))/(AB1108+$Y$6*(1+AC1108*$Y$8)) -> 0.14299463 | S1108: -6.74 | T1108: -0.85 | Z1108: =0.6108*EXP(17.27*K1108/(K1108+237.3)) -> 4.9600384 | AA1108: =(L1108/100)*Z1108 -> 2.6429848 | AB1108: =(4098*AA1108)/((K1108+237.3)^2) -> 0.14851772 | AC1108: =IF(M1108>10,0.24,0.96) -> 0.24 | AD1108: =M1108*3600/1000000 -> 0.67626 | AE1108: =IF(M1108>10,(1-$Y$4)*AD1108,0) -> 0.5207202
A1109: Bet Dagan Rad | B1109: 17/08/2025 16:30 | C1109: 574 | D1109: 53 | E1109: 31.8 | F1109: 4.6 | H1109: 45886 | I1109: 0.6875 | J1109: =E1110+S1109 -> 24.8075 | K1109: =E1109-T1109 -> 33.0175 | L1109: =100*(22.1*10^6*10^((4.4-6.24*((J1109+273.2)/1000)+9.95*((J1109+273.2)/1000)^2-5.15*((J1109+273.5)/1000)^3)*(1-647.3/(J1109+273.2)))-101325*((K1109-J1109)/1514)*(1+J1109/873))/(22.1*10^6*10^((4.4-6.24*((K1109+273.2)/1000)+9.95*((K1109+273.2)/1000)^2-5.15*((K1109+273.5)/1000)^3)*(1-647.3/(K1109+273.2)))) -> 50.832188 | M1109: =AVERAGE(U821,U965) -> 141.05 | N1109: =(0.408*AB1109*(AE1109-$Y$7)+$Y$6*($Y$6/(K1109+273))*$Y$8*(Z1109-AA1109))/(AB1109+$Y$6*(1+AC1109*$Y$8)) -> 0.10618126 | S1109: -6.8925 | T1109: -1.2175 | Z1109: =0.6108*EXP(17.27*K1109/(K1109+237.3)) -> 5.0350875 | AA1109: =(L1109/100)*Z1109 -> 2.5594452 | AB1109: =(4098*AA1109)/((K1109+237.3)^2) -> 0.14353885 | AC1109: =IF(M1109>10,0.24,0.96) -> 0.24 | AD1109: =M1109*3600/1000000 -> 0.50778 | AE1109: =IF(M1109>10,(1-$Y$4)*AD1109,0) -> 0.3909906
A1110: Bet Dagan Rad | B1110: 17/08/2025 16:40 | C1110: 582 | D1110: 53 | E1110: 31.7 | F1110: 4.4 | H1110: 45886 | I1110: 0.69444444 | J1110: =E1111+S1110 -> 24.77 | K1110: =E1110-T1110 -> 32.8575 | L1110: =100*(22.1*10^6*10^((4.4-6.24*((J1110+273.2)/1000)+9.95*((J1110+273.2)/1000)^2-5.15*((J1110+273.5)/1000)^3)*(1-647.3/(J1110+273.2)))-101325*((K1110-J1110)/1514)*(1+J1110/873))/(22.1*10^6*10^((4.4-6.24*((K1110+273.2)/1000)+9.95*((K1110+273.2)/1000)^2-5.15*((K1110+273.5)/1000)^3)*(1-647.3/(K1110+273.2)))) -> 51.321854 | M1110: =AVERAGE(U822,U966) -> 126.05 | N1110: =(0.408*AB1110*(AE1110-$Y$7)+$Y$6*($Y$6/(K1110+273))*$Y$8*(Z1110-AA1110))/(AB1110+$Y$6*(1+AC1110*$Y$8)) -> 0.094950693 | S1110: -6.73 | T1110: -1.1575 | Z1110: =0.6108*EXP(17.27*K1110/(K1110+237.3)) -> 4.9900808 | AA1110: =(L1110/100)*Z1110 -> 2.561002 | AB1110: =(4098*AA1110)/((K1110+237.3)^2) -> 0.14379633 | AC1110: =IF(M1110>10,0.24,0.96) -> 0.24 | AD1110: =M1110*3600/1000000 -> 0.45378 | AE1110: =IF(M1110>10,(1-$Y$4)*AD1110,0) -> 0.3494106
... A1153: Bet Dagan Rad | B1153: 17/08/2025 23:50 | C1153: 0 | D1153: 64 | E1153: 27.5 | F1153: 2.8 | H1153: 45886 | I1153: 0.99305556 | J1153: =E1154+S1153 -> 23.0225 | K1153: =E1153-T1153 -> 28.7425 | L1153: =100*(22.1*10^6*10^((4.4-6.24*((J1153+273.2)/1000)+9.95*((J1153+273.2)/1000)^2-5.15*((J1153+273.5)/1000)^3)*(1-647.3/(J1153+273.2)))-101325*((K1153-J1153)/1514)*(1+J1153/873))/(22.1*10^6*10^((4.4-6.24*((K1153+273.2)/1000)+9.95*((K1153+273.2)/1000)^2-5.15*((K1153+273.5)/1000)^3)*(1-647.3/(K1153+273.2)))) -> 61.203092 | M1153: =AVERAGE(U865,U1009) -> 0.0215 | N1153: =(0.408*AB1153*(AE1153-$Y$7)+$Y$6*($Y$6/(K1153+273))*$Y$8*(Z1153-AA1153))/(AB1153+$Y$6*(1+AC1153*$Y$8)) -> 3.0483418e-05 | S1153: -4.3775 | T1153: -1.2425 | Z1153: =0.6108*EXP(17.27*K1153/(K1153+237.3)) -> 3.9464546 | AA1153: =(L1153/100)*Z1153 -> 2.4153522 | AB1153: =(4098*AA1153)/((K1153+237.3)^2) -> 0.13984611 | AC1153: =IF(M1153>10,0.24,0.96) -> 0.96 | AD1153: =M1153*3600/1000000 -> 7.74e-05 | AE1153: =IF(M1153>10,(1-$Y$4)*AD1153,0) -> 0
A1154: Bet Dagan Rad | B1154: 18/08/2025 00:00 | C1154: 0 | D1154: 63 | E1154: 27.4 | F1154: 2.2 | H1154: 45887 | I1154: 0 | J1154: =E1154+S1154 -> 23.635 | K1154: =E1153+T1154 -> 26.3025 | L1154: =100*(22.1*10^6*10^((4.4-6.24*((J1154+273.2)/1000)+9.95*((J1154+273.2)/1000)^2-5.15*((J1154+273.5)/1000)^3)*(1-647.3/(J1154+273.2)))-101325*((K1154-J1154)/1514)*(1+J1154/873))/(22.1*10^6*10^((4.4-6.24*((K1154+273.2)/1000)+9.95*((K1154+273.2)/1000)^2-5.15*((K1154+273.5)/1000)^3)*(1-647.3/(K1154+273.2)))) -> 79.87749 | M1154: =AVERAGE(U722,U866) -> 0.013 | N1154: =(0.408*AB1154*(AE1154-$Y$7)+$Y$6*($Y$6/(K1154+273))*$Y$8*(Z1154-AA1154))/(AB1154+$Y$6*(1+AC1154*$Y$8)) -> 1.2630815e-05 | S1154: -3.765 | T1154: -1.1975 | Z1154: =0.6108*EXP(17.27*K1154/(K1154+237.3)) -> 3.4220192 | AA1154: =(L1154/100)*Z1154 -> 2.733423 | AB1154: =(4098*AA1154)/((K1154+237.3)^2) -> 0.16120546 | AC1154: =IF(M1154>10,0.24,0.96) -> 0.96 | AD1154: =M1154*3600/1000000 -> 4.68e-05 | AE1154: =IF(M1154>10,(1-$Y$4)*AD1154,0) -> 0
A1155: Bet Dagan Rad | B1155: 18/08/2025 00:10 | C1155: 0 | D1155: 62 | E1155: 27.3 | F1155: 1.4 | H1155: 45887 | I1155: 0.0069444444 | J1155: =E1155+S1155 -> 23.68 | K1155: =E1154+T1155 -> 26.24 | L1155: =100*(22.1*10^6*10^((4.4-6.24*((J1155+273.2)/1000)+9.95*((J1155+273.2)/1000)^2-5.15*((J1155+273.5)/1000)^3)*(1-647.3/(J1155+273.2)))-101325*((K1155-J1155)/1514)*(1+J1155/873))/(22.1*10^6*10^((4.4-6.24*((K1155+273.2)/1000)+9.95*((K1155+273.2)/1000)^2-5.15*((K1155+273.5)/1000)^3)*(1-647.3/(K1155+273.2)))) -> 80.623953 | M1155: =AVERAGE(U723,U867) -> 0.018 | N1155: =(0.408*AB1155*(AE1155-$Y$7)+$Y$6*($Y$6/(K1155+273))*$Y$8*(Z1155-AA1155))/(AB1155+$Y$6*(1+AC1155*$Y$8)) -> 1.2072102e-05 | S1155: -3.62 | T1155: -1.16 | Z1155: =0.6108*EXP(17.27*K1155/(K1155+237.3)) -> 3.4094254 | AA1155: =(L1155/100)*Z1155 -> 2.7488135 | AB1155: =(4098*AA1155)/((K1155+237.3)^2) -> 0.16219003 | AC1155: =IF(M1155>10,0.24,0.96) -> 0.96 | AD1155: =M1155*3600/1000000 -> 6.48e-05 | AE1155: =IF(M1155>10,(1-$Y$4)*AD1155,0) -> 0
A1156: Bet Dagan Rad | B1156: 18/08/2025 00:20 | C1156: 0 | D1156: 62 | E1156: 27.3 | F1156: 1.9 | H1156: 45887 | I1156: 0.013888889 | J1156: =E1156+S1156 -> 23.845 | K1156: =E1155+T1156 -> 26.165 | L1156: =100*(22.1*10^6*10^((4.4-6.24*((J1156+273.2)/1000)+9.95*((J1156+273.2)/1000)^2-5.15*((J1156+273.5)/1000)^3)*(1-647.3/(J1156+273.2)))-101325*((K1156-J1156)/1514)*(1+J1156/873))/(22.1*10^6*10^((4.4-6.24*((K1156+273.2)/1000)+9.95*((K1156+273.2)/1000)^2-5.15*((K1156+273.5)/1000)^3)*(1-647.3/(K1156+273.2)))) -> 82.332828 | M1156: =AVERAGE(U724,U868) -> 0.0295 | N1156: =(0.408*AB1156*(AE1156-$Y$7)+$Y$6*($Y$6/(K1156+273))*$Y$8*(Z1156-AA1156))/(AB1156+$Y$6*(1+AC1156*$Y$8)) -> 1.0839613e-05 | S1156: -3.455 | T1156: -1.135 | Z1156: =0.6108*EXP(17.27*K1156/(K1156+237.3)) -> 3.3943662 | AA1156: =(L1156/100)*Z1156 -> 2.7946777 | AB1156: =(4098*AA1156)/((K1156+237.3)^2) -> 0.16499008 | AC1156: =IF(M1156>10,0.24,0.96) -> 0.96 | AD1156: =M1156*3600/1000000 -> 0.0001062 | AE1156: =IF(M1156>10,(1-$Y$4)*AD1156,0) -> 0
A1157: Bet Dagan Rad | B1157: 18/08/2025 00:30 | C1157: 0 | D1157: 64 | E1157: 27.4 | F1157: 2.5 | H1157: 45887 | I1157: 0.020833333 | J1157: =E1157+S1157 -> 24.1275 | K1157: =E1156+T1157 -> 26.3025 | L1157: =100*(22.1*10^6*10^((4.4-6.24*((J1157+273.2)/1000)+9.95*((J1157+273.2)/1000)^2-5.15*((J1157+273.5)/1000)^3)*(1-647.3/(J1157+273.2)))-101325*((K1157-J1157)/1514)*(1+J1157/873))/(22.1*10^6*10^((4.4-6.24*((K1157+273.2)/1000)+9.95*((K1157+273.2)/1000)^2-5.15*((K1157+273.5)/1000)^3)*(1-647.3/(K1157+273.2)))) -> 83.438588 | M1157: =AVERAGE(U725,U869) -> 0.0165 | N1157: =(0.408*AB1157*(AE1157-$Y$7)+$Y$6*($Y$6/(K1157+273))*$Y$8*(Z1157-AA1157))/(AB1157+$Y$6*(1+AC1157*$Y$8)) -> 1.0102724e-05 | S1157: -3.2725 | T1157: -0.9975 | Z1157: =0.6108*EXP(17.27*K1157/(K1157+237.3)) -> 3.4220192 | AA1157: =(L1157/100)*Z1157 -> 2.8552845 | AB1157: =(4098*AA1157)/((K1157+237.3)^2) -> 0.16839232 | AC1157: =IF(M1157>10,0.24,0.96) -> 0.96 | AD1157: =M1157*3600/1000000 -> 5.94e-05 | AE1157: =IF(M1157>10,(1-$Y$4)*AD1157,0) -> 0
A1158: Bet Dagan Rad | B1158: 18/08/2025 00:40 | C1158: 0 | D1158: 64 | E1158: 27.5 | F1158: 2.8 | H1158: 45887 | I1158: 0.027777778 | J1158: =E1158+S1158 -> 24.51 | K1158: =E1157+T1158 -> 26.53 | L1158: =100*(22.1*10^6*10^((4.4-6.24*((J1158+273.2)/1000)+9.95*((J1158+273.2)/1000)^2-5.15*((J1158+273.5)/1000)^3)*(1-647.3/(J1158+273.2)))-101325*((K1158-J1158)/1514)*(1+J1158/873))/(22.1*10^6*10^((4.4-6.24*((K1158+273.2)/1000)+9.95*((K1158+273.2)/1000)^2-5.15*((K1158+273.5)/1000)^3)*(1-647.3/(K1158+273.2)))) -> 84.64547 | M1158: =AVERAGE(U726,U870) -> 0.01 | N1158: =(0.408*AB1158*(AE1158-$Y$7)+$Y$6*($Y$6/(K1158+273))*$Y$8*(Z1158-AA1158))/(AB1158+$Y$6*(1+AC1158*$Y$8)) -> 9.323372e-06 | S1158: -2.99 | T1158: -0.87 | Z1158: =0.6108*EXP(17.27*K1158/(K1158+237.3)) -> 3.4682035 | AA1158: =(L1158/100)*Z1158 -> 2.9356772 | AB1158: =(4098*AA1158)/((K1158+237.3)^2) -> 0.17283508 | AC1158: =IF(M1158>10,0.24,0.96) -> 0.96 | AD1158: =M1158*3600/1000000 -> 3.6e-05 | AE1158: =IF(M1158>10,(1-$Y$4)*AD1158,0) -> 0
...

Sheet Daily data
A1: Data | B1: T max (°C) | C1: T min (°C) | D1: T mean (°C) | E1: RH% max | F1: RH% min | G1: RH% mean | H1: Global Radiation daily integral, (MJ m⁻² day⁻¹) | I1: Eto (mm/day) P-M formula | J1: Eto (mm/day) Makkink formula
A2: {=INDEX('Clean Data_10min'!$H$2:$H$5688,1+144*(ROW()-2))} -> 45879 | B2: =_xlfn.MAXIFS('Clean Data_10min'!K:K, 'Clean Data_10min'!H:H, A2) -> 37.638 | C2: =_xlfn.MINIFS('Clean Data_10min'!K:K, 'Clean Data_10min'!H:H, A2) -> 25.095 | D2: =AVERAGEIFS('Clean Data_10min'!K:K, 'Clean Data_10min'!H:H, A2) -> 30.803708 | E2: =_xlfn.MAXIFS('Clean Data_10min'!L:L, 'Clean Data_10min'!H:H, A2) -> 84.22204 | F2: =_xlfn.MINIFS('Clean Data_10min'!L:L, 'Clean Data_10min'!H:H, A2) -> 31.675327 | G2: =AVERAGEIFS('Clean Data_10min'!L:L, 'Clean Data_10min'!H:H, A2) -> 61.875309 | H2: =SUMIFS('Clean Data_10min'!M:M, 'Clean Data_10min'!H:H, A2)*600/1000000 -> 16.865536 | I2: =(0.408*((4098*(0.6108*EXP(17.27*D2/(D2+237.3))))/((D2+237.3)^2))*((1-0.23)*H2) + 0.066*(900/(D2+273))*0.3*((0.6108*EXP(17.27*D2/(D2+237.3))) - (E2/100*(0.6108*EXP(17.27*D2/(D2+237.3))))) )/( ((4098*(0.6108*EXP(17.27*D2/(D2+237.3))))/((D2+237.3)^2)) + 0.066*(1+0.34*0.3)) -> 4.2425345 | J2: =0.75*( ((4098*(0.6108*EXP(17.27*D2/(D2+237.3))))/((D2+237.3)^2)) / ( ((4098*(0.6108*EXP(17.27*D2/(D2+237.3))))/((D2+237.3)^2)) + 0.066 ) ) *(H2/2.45) -> 4.0956767
A3: {=INDEX('Clean Data_10min'!$H$2:$H$5688,1+144*(ROW()-2))} -> 45880 | B3: =_xlfn.MAXIFS('Clean Data_10min'!K:K, 'Clean Data_10min'!H:H, A3) -> 38.476 | C3: =_xlfn.MINIFS('Clean Data_10min'!K:K, 'Clean Data_10min'!H:H, A3) -> 27.395 | D3: =AVERAGEIFS('Clean Data_10min'!K:K, 'Clean Data_10min'!H:H, A3) -> 31.587042 | E3: =_xlfn.MAXIFS('Clean Data_10min'!L:L, 'Clean Data_10min'!H:H, A3) -> 86.509309 | F3: =MIN(OFFSET('Clean Data_10min'!$L$2,(ROW()-ROW($F$2))*145, 0, 145, 1)) -> 33.831978 | G3: =AVERAGEIFS('Clean Data_10min'!L:L, 'Clean Data_10min'!H:H, A3) -> 63.696215 | H3: =SUMIFS('Clean Data_10min'!M:M, 'Clean Data_10min'!H:H, A3)*600/1000000 -> 16.214995 | I3: =(0.408*((4098*(0.6108*EXP(17.27*D3/(D3+237.3))))/((D3+237.3)^2))*((1-0.23)*H3) + 0.066*(900/(D3+273))*0.3*((0.6108*EXP(17.27*D3/(D3+237.3))) - (E3/100*(0.6108*EXP(17.27*D3/(D3+237.3))))) )/( ((4098*(0.6108*EXP(17.27*D3/(D3+237.3))))/((D3+237.3)^2)) + 0.066*(1+0.34*0.3)) -> 4.100548 | J3: =0.75*( ((4098*(0.6108*EXP(17.27*D3/(D3+237.3))))/((D3+237.3)^2)) / ( ((4098*(0.6108*EXP(17.27*D3/(D3+237.3))))/((D3+237.3)^2)) + 0.066 ) ) *(H3/2.45) -> 3.9688376
A4: {=INDEX('Clean Data_10min'!$H$2:$H$5688,1+144*(ROW()-2))} -> 45881 | B4: =_xlfn.MAXIFS('Clean Data_10min'!K:K, 'Clean Data_10min'!H:H, A4) -> 38.68 | C4: =_xlfn.MINIFS('Clean Data_10min'!K:K, 'Clean Data_10min'!H:H, A4) -> 26.6725 | D4: =AVERAGEIFS('Clean Data_10min'!K:K, 'Clean Data_10min'!H:H, A4) -> 31.802292 | E4: =_xlfn.MAXIFS('Clean Data_10min'!L:L, 'Clean Data_10min'!H:H, A4) -> 87.820736 | F4: =MIN(OFFSET('Clean Data_10min'!$L$2,(ROW()-ROW($F$2))*145, 0, 145, 1)) -> 47.424275 | G4: =AVERAGEIFS('Clean Data_10min'!L:L, 'Clean Data_10min'!H:H, A4) -> 72.098884 | H4: =SUMIFS('Clean Data_10min'!M:M, 'Clean Data_10min'!H:H, A4)*600/1000000 -> 14.782873 | I4: =(0.408*((4098*(0.6108*EXP(17.27*D4/(D4+237.3))))/((D4+237.3)^2))*((1-0.23)*H4) + 0.066*(900/(D4+273))*0.3*((0.6108*EXP(17.27*D4/(D4+237.3))) - (E4/100*(0.6108*EXP(17.27*D4/(D4+237.3))))) )/( ((4098*(0.6108*EXP(17.27*D4/(D4+237.3))))/((D4+237.3)^2)) + 0.066*(1+0.34*0.3)) -> 3.7460448 | J4: =0.75*( ((4098*(0.6108*EXP(17.27*D4/(D4+237.3))))/((D4+237.3)^2)) / ( ((4098*(0.6108*EXP(17.27*D4/(D4+237.3))))/((D4+237.3)^2)) + 0.066 ) ) *(H4/2.45) -> 3.6259632
A5: {=INDEX('Clean Data_10min'!$H$2:$H$5688,1+144*(ROW()-2))} -> 45882 | B5: =_xlfn.MAXIFS('Clean Data_10min'!K:K, 'Clean Data_10min'!H:H, A5) -> 38.49 | C5: =_xlfn.MINIFS('Clean Data_10min'!K:K, 'Clean Data_10min'!H:H, A5) -> 27.14 | D5: =AVERAGEIFS('Clean Data_10min'!K:K, 'Clean Data_10min'!H:H, A5) -> 32.429236 | E5: =_xlfn.MAXIFS('Clean Data_10min'!L:L, 'Clean Data_10min'!H:H, A5) -> 85.411061 | F5: =MIN(OFFSET('Clean Data_10min'!$L$2,(ROW()-ROW($F$2))*145, 0, 145, 1)) -> 53.581932 | G5: =AVERAGEIFS('Clean Data_10min'!L:L, 'Clean Data_10min'!H:H, A5) -> 71.480575 | H5: =SUMIFS('Clean Data_10min'!M:M, 'Clean Data_10min'!H:H, A5)*600/1000000 -> 16.128465 | I5: =(0.408*((4098*(0.6108*EXP(17.27*D5/(D5+237.3))))/((D5+237.3)^2))*((1-0.23)*H5) + 0.066*(900/(D5+273))*0.3*((0.6108*EXP(17.27*D5/(D5+237.3))) - (E5/100*(0.6108*EXP(17.27*D5/(D5+237.3))))) )/( ((4098*(0.6108*EXP(17.27*D5/(D5+237.3))))/((D5+237.3)^2)) + 0.066*(1+0.34*0.3)) -> 4.1246954 | J5: =0.75*( ((4098*(0.6108*EXP(17.27*D5/(D5+237.3))))/((D5+237.3)^2)) / ( ((4098*(0.6108*EXP(17.27*D5/(D5+237.3))))/((D5+237.3)^2)) + 0.066 ) ) *(H5/2.45) -> 3.9799602
A6: {=INDEX('Clean Data_10min'!$H$2:$H$5688,1+144*(ROW()-2))} -> 45883 | B6: =_xlfn.MAXIFS('Clean Data_10min'!K:K, 'Clean Data_10min'!H:H, A6) -> 39.7 | C6: =_xlfn.MINIFS('Clean Data_10min'!K:K, 'Clean Data_10min'!H:H, A6) -> 25.94 | D6: =AVERAGEIFS('Clean Data_10min'!K:K, 'Clean Data_10min'!H:H, A6) -> 31.584028 | E6: =_xlfn.MAXIFS('Clean Data_10min'!L:L, 'Clean Data_10min'!H:H, A6) -> 89.421285 | F6: =MIN(OFFSET('Clean Data_10min'!$L$2,(ROW()-ROW($F$2))*145, 0, 145, 1)) -> 44.518666 | G6: =AVERAGEIFS('Clean Data_10min'!L:L, 'Clean Data_10min'!H:H, A6) -> 71.864788 | H6: =SUMIFS('Clean Data_10min'!M:M, 'Clean Data_10min'!H:H, A6)*600/1000000 -> 17.895839 | I6: =(0.408*((4098*(0.6108*EXP(17.27*D6/(D6+237.3))))/((D6+237.3)^2))*((1-0.23)*H6) + 0.066*(900/(D6+273))*0.3*((0.6108*EXP(17.27*D6/(D6+237.3))) - (E6/100*(0.6108*EXP(17.27*D6/(D6+237.3))))) )/( ((4098*(0.6108*EXP(17.27*D6/(D6+237.3))))/((D6+237.3)^2)) + 0.066*(1+0.34*0.3)) -> 4.4906035 | J6: =0.75*( ((4098*(0.6108*EXP(17.27*D6/(D6+237.3))))/((D6+237.3)^2)) / ( ((4098*(0.6108*EXP(17.27*D6/(D6+237.3))))/((D6+237.3)^2)) + 0.066 ) ) *(H6/2.45) -> 4.3801165
A7: {=INDEX('Clean Data_10min'!$H$2:$H$5688,1+144*(ROW()-2))} -> 45884 | B7: =_xlfn.MAXIFS('Clean Data_10min'!K:K, 'Clean Data_10min'!H:H, A7) -> 39.83 | C7: =_xlfn.MINIFS('Clean Data_10min'!K:K, 'Clean Data_10min'!H:H, A7) -> 26.01 | D7: =AVERAGEIFS('Clean Data_10min'!K:K, 'Clean Data_10min'!H:H, A7) -> 31.459236 | E7: =_xlfn.MAXIFS('Clean Data_10min'!L:L, 'Clean Data_10min'!H:H, A7) -> 90.421191 | F7: =MIN(OFFSET('Clean Data_10min'!$L$2,(ROW()-ROW($F$2))*145, 0, 145, 1)) -> 36.635524 | G7: =AVERAGEIFS('Clean Data_10min'!L:L, 'Clean Data_10min'!H:H, A7) -> 66.579172 | H7: =SUMIFS('Clean Data_10min'!M:M, 'Clean Data_10min'!H:H, A7)*600/1000000 -> 19.050733 | I7: =(0.408*((4098*(0.6108*EXP(17.27*D7/(D7+237.3))))/((D7+237.3)^2))*((1-0.23)*H7) + 0.066*(900/(D7+273))*0.3*((0.6108*EXP(17.27*D7/(D7+237.3))) - (E7/100*(0.6108*EXP(17.27*D7/(D7+237.3))))) )/( ((4098*(0.6108*EXP(17.27*D7/(D7+237.3))))/((D7+237.3)^2)) + 0.066*(1+0.34*0.3)) -> 4.7603972 | J7: =0.75*( ((4098*(0.6108*EXP(17.27*D7/(D7+237.3))))/((D7+237.3)^2)) / ( ((4098*(0.6108*EXP(17.27*D7/(D7+237.3))))/((D7+237.3)^2)) + 0.066 ) ) *(H7/2.45) -> 4.6570261
A8: {=INDEX('Clean Data_10min'!$H$2:$H$5688,1+144*(ROW()-2))} -> 45885 | B8: =_xlfn.MAXIFS('Clean Data_10min'!K:K, 'Clean Data_10min'!H:H, A8) -> 36.27 | C8: =_xlfn.MINIFS('Clean Data_10min'!K:K, 'Clean Data_10min'!H:H, A8) -> 24.33 | D8: =AVERAGEIFS('Clean Data_10min'!K:K, 'Clean Data_10min'!H:H, A8) -> 29.730556 | E8: =_xlfn.MAXIFS('Clean Data_10min'!L:L, 'Clean Data_10min'!H:H, A8) -> 80.783395 | F8: =MIN(OFFSET('Clean Data_10min'!$L$2,(ROW()-ROW($F$2))*145, 0, 145, 1)) -> 50.908265 | G8: =AVERAGEIFS('Clean Data_10min'!L:L, 'Clean Data_10min'!H:H, A8) -> 66.937594 | H8: =SUMIFS('Clean Data_10min'!M:M, 'Clean Data_10min'!H:H, A8)*600/1000000 -> 18.736071 | I8: =(0.408*((4098*(0.6108*EXP(17.27*D8/(D8+237.3))))/((D8+237.3)^2))*((1-0.23)*H8) + 0.066*(900/(D8+273))*0.3*((0.6108*EXP(17.27*D8/(D8+237.3))) - (E8/100*(0.6108*EXP(17.27*D8/(D8+237.3))))) )/( ((4098*(0.6108*EXP(17.27*D8/(D8+237.3))))/((D8+237.3)^2)) + 0.066*(1+0.34*0.3)) -> 4.6687379 | J8: =0.75*( ((4098*(0.6108*EXP(17.27*D8/(D8+237.3))))/((D8+237.3)^2)) / ( ((4098*(0.6108*EXP(17.27*D8/(D8+237.3))))/((D8+237.3)^2)) + 0.066 ) ) *(H8/2.45) -> 4.4989028
A9: {=INDEX('Clean Data_10min'!$H$2:$H$5688,1+144*(ROW()-2))} -> 45886 | B9: =_xlfn.MAXIFS('Clean Data_10min'!K:K, 'Clean Data_10min'!H:H, A9) -> 34.8 | C9: =_xlfn.MINIFS('Clean Data_10min'!K:K, 'Clean Data_10min'!H:H, A9) -> 24.76 | D9: =AVERAGEIFS('Clean Data_10min'!K:K, 'Clean Data_10min'!H:H, A9) -> 29.981389 | E9: =_xlfn.MAXIFS('Clean Data_10min'!L:L, 'Clean Data_10min'!H:H, A9) -> 77.200331 | F9: =MIN(OFFSET('Clean Data_10min'!$L$2,(ROW()-ROW($F$2))*145, 0, 145, 1)) -> 48.392046 | G9: =AVERAGEIFS('Clean Data_10min'!L:L, 'Clean Data_10min'!H:H, A9) -> 61.877715 | H9: =SUMIFS('Clean Data_10min'!M:M, 'Clean Data_10min'!H:H, A9)*600/1000000 -> 18.267234 | I9: =(0.408*((4098*(0.6108*EXP(17.27*D9/(D9+237.3))))/((D9+237.3)^2))*((1-0.23)*H9) + 0.066*(900/(D9+273))*0.3*((0.6108*EXP(17.27*D9/(D9+237.3))) - (E9/100*(0.6108*EXP(17.27*D9/(D9+237.3))))) )/( ((4098*(0.6108*EXP(17.27*D9/(D9+237.3))))/((D9+237.3)^2)) + 0.066*(1+0.34*0.3)) -> 4.59735 | J9: =0.75*( ((4098*(0.6108*EXP(17.27*D9/(D9+237.3))))/((D9+237.3)^2)) / ( ((4098*(0.6108*EXP(17.27*D9/(D9+237.3))))/((D9+237.3)^2)) + 0.066 ) ) *(H9/2.45) -> 4.3981288
A10: {=INDEX('Clean Data_10min'!$H$2:$H$5688,1+144*(ROW()-2))} -> 45887 | B10: =_xlfn.MAXIFS('Clean Data_10min'!K:K, 'Clean Data_10min'!H:H, A10) -> 34.7625 | C10: =_xlfn.MINIFS('Clean Data_10min'!K:K, 'Clean Data_10min'!H:H, A10) -> 25.02 | D10: =AVERAGEIFS('Clean Data_10min'!K:K, 'Clean Data_10min'!H:H, A10) -> 29.39217 | E10: =_xlfn.MAXIFS('Clean Data_10min'!L:L, 'Clean Data_10min'!H:H, A10) -> 87.218111 | F10: =MIN(OFFSET('Clean Data_10min'!$L$2,(ROW()-ROW($F$2))*145, 0, 145, 1)) -> 51.131191 | G10: =AVERAGEIFS('Clean Data_10min'!L:L, 'Clean Data_10min'!H:H, A10) -> 70.717498 | H10: =SUMIFS('Clean Data_10min'!M:M, 'Clean Data_10min'!H:H, A10)*600/1000000 -> 18.858464 | I10: =(0.408*((4098*(0.6108*EXP(17.27*D10/(D10+237.3))))/((D10+237.3)^2))*((1-0.23)*H10) + 0.066*(900/(D10+273))*0.3*((0.6108*EXP(17.27*D10/(D10+237.3))) - (E10/100*(0.6108*EXP(17.27*D10/(D10+237.3))))) )/( ((4098*(0.6108*EXP(17.27*D10/(D10+237.3))))/((D10+237.3)^2)) + 0.066*(1+0.34*0.3)) -> 4.6291398 | J10: =0.75*( ((4098*(0.6108*EXP(17.27*D10/(D10+237.3))))/((D10+237.3)^2)) / ( ((4098*(0.6108*EXP(17.27*D10/(D10+237.3))))/((D10+237.3)^2)) + 0.066 ) ) *(H10/2.45) -> 4.511676
A11: {=INDEX('Clean Data_10min'!$H$2:$H$5688,1+144*(ROW()-2))} -> 45888 | B11: =_xlfn.MAXIFS('Clean Data_10min'!K:K, 'Clean Data_10min'!H:H, A11) -> 35.12 | C11: =_xlfn.MINIFS('Clean Data_10min'!K:K, 'Clean Data_10min'!H:H, A11) -> 22.72 | D11: =AVERAGEIFS('Clean Data_10min'!K:K, 'Clean Data_10min'!H:H, A11) -> 28.697483 | E11: =_xlfn.MAXIFS('Clean Data_10min'!L:L, 'Clean Data_10min'!H:H, A11) -> 83.211824 | F11: =MIN(OFFSET('Clean Data_10min'!$L$2,(ROW()-ROW($F$2))*145, 0, 145, 1)) -> 53.113622 | G11: =AVERAGEIFS('Clean Data_10min'!L:L, 'Clean Data_10min'!H:H, A11) -> 69.304495 | H11: =SUMIFS('Clean Data_10min'!M:M, 'Clean Data_10min'!H:H, A11)*600/1000000 -> 18.250678 | I11: =(0.408*((4098*(0.6108*EXP(17.27*D11/(D11+237.3))))/((D11+237.3)^2))*((1-0.23)*H11) + 0.066*(900/(D11+273))*0.3*((0.6108*EXP(17.27*D11/(D11+237.3))) - (E11/100*(0.6108*EXP(17.27*D11/(D11+237.3))))) )/( ((4098*(0.6108*EXP(17.27*D11/(D11+237.3))))/((D11+237.3)^2)) + 0.066*(1+0.34*0.3)) -> 4.4766481 | J11: =0.75*( ((4098*(0.6108*EXP(17.27*D11/(D11+237.3))))/((D11+237.3)^2)) / ( ((4098*(0.6108*EXP(17.27*D11/(D11+237.3))))/((D11+237.3)^2)) + 0.066 ) ) *(H11/2.45) -> 4.3326343
A12: {=INDEX('Clean Data_10min'!$H$2:$H$5688,1+144*(ROW()-2))} -> 45889 | B12: =_xlfn.MAXIFS('Clean Data_10min'!K:K, 'Clean Data_10min'!H:H, A12) -> 35.82 | C12: =_xlfn.MINIFS('Clean Data_10min'!K:K, 'Clean Data_10min'!H:H, A12) -> 22.6825 | D12: =AVERAGEIFS('Clean Data_10min'!K:K, 'Clean Data_10min'!H:H, A12) -> 29.060556 | E12: =_xlfn.MAXIFS('Clean Data_10min'!L:L, 'Clean Data_10min'!H:H, A12) -> 86.161224 | F12: =MIN(OFFSET('Clean Data_10min'!$L$2,(ROW()-ROW($F$2))*145, 0, 145, 1)) -> 50.60745 | G12: =AVERAGEIFS('Clean Data_10min'!L:L, 'Clean Data_10min'!H:H, A12) -> 70.394713 | H12: =SUMIFS('Clean Data_10min'!M:M, 'Clean Data_10min'!H:H, A12)*600/1000000 -> 17.228117 | I12: =(0.408*((4098*(0.6108*EXP(17.27*D12/(D12+237.3))))/((D12+237.3)^2))*((1-0.23)*H12) + 0.066*(900/(D12+273))*0.3*((0.6108*EXP(17.27*D12/(D12+237.3))) - (E12/100*(0.6108*EXP(17.27*D12/(D12+237.3))))) )/( ((4098*(0.6108*EXP(17.27*D12/(D12+237.3))))/((D12+237.3)^2)) + 0.066*(1+0.34*0.3)) -> 4.2289807 | J12: =0.75*( ((4098*(0.6108*EXP(17.27*D12/(D12+237.3))))/((D12+237.3)^2)) / ( ((4098*(0.6108*EXP(17.27*D12/(D12+237.3))))/((D12+237.3)^2)) + 0.066 ) ) *(H12/2.45) -> 4.1065764
A13: {=INDEX('Clean Data_10min'!$H$2:$H$5688,1+144*(ROW()-2))} -> 45890 | B13: =_xlfn.MAXIFS('Clean Data_10min'!K:K, 'Clean Data_10min'!H:H, A13) -> 35.338 | C13: =_xlfn.MINIFS('Clean Data_10min'!K:K, 'Clean Data_10min'!H:H, A13) -> 25.005 | D13: =AVERAGEIFS('Clean Data_10min'!K:K, 'Clean Data_10min'!H:H, A13) -> 29.534264 | E13: =_xlfn.MAXIFS('Clean Data_10min'!L:L, 'Clean Data_10min'!H:H, A13) -> 88.272056 | F13: =MIN(OFFSET('Clean Data_10min'!$L$2,(ROW()-ROW($F$2))*145, 0, 145, 1)) -> 50.699214 | G13: =AVERAGEIFS('Clean Data_10min'!L:L, 'Clean Data_10min'!H:H, A13) -> 69.724479 | H13: =SUMIFS('Clean Data_10min'!M:M, 'Clean Data_10min'!H:H, A13)*600/1000000 -> 16.676297 | I13: =(0.408*((4098*(0.6108*EXP(17.27*D13/(D13+237.3))))/((D13+237.3)^2))*((1-0.23)*H13) + 0.066*(900/(D13+273))*0.3*((0.6108*EXP(17.27*D13/(D13+237.3))) - (E13/100*(0.6108*EXP(17.27*D13/(D13+237.3))))) )/( ((4098*(0.6108*EXP(17.27*D13/(D13+237.3))))/((D13+237.3)^2)) + 0.066*(1+0.34*0.3)) -> 4.1037221 | J13: =0.75*( ((4098*(0.6108*EXP(17.27*D13/(D13+237.3))))/((D13+237.3)^2)) / ( ((4098*(0.6108*EXP(17.27*D13/(D13+237.3))))/((D13+237.3)^2)) + 0.066 ) ) *(H13/2.45) -> 3.995809
A14: {=INDEX('Clean Data_10min'!$H$2:$H$5688,1+144*(ROW()-2))} -> 45891 | B14: =_xlfn.MAXIFS('Clean Data_10min'!K:K, 'Clean Data_10min'!H:H, A14) -> 34.25 | C14: =_xlfn.MINIFS('Clean Data_10min'!K:K, 'Clean Data_10min'!H:H, A14) -> 23.7275 | D14: =AVERAGEIFS('Clean Data_10min'!K:K, 'Clean Data_10min'!H:H, A14) -> 28.646719 | E14: =_xlfn.MAXIFS('Clean Data_10min'!L:L, 'Clean Data_10min'!H:H, A14) -> 89.139499 | F14: =MIN(OFFSET('Clean Data_10min'!$L$2,(ROW()-ROW($F$2))*145, 0, 145, 1)) -> 55.182198 | G14: =AVERAGEIFS('Clean Data_10min'!L:L, 'Clean Data_10min'!H:H, A14) -> 71.770791 | H14: =SUMIFS('Clean Data_10min'!M:M, 'Clean Data_10min'!H:H, A14)*600/1000000 -> 16.676297 | I14: =(0.408*((4098*(0.6108*EXP(17.27*D14/(D14+237.3))))/((D14+237.3)^2))*((1-0.23)*H14) + 0.066*(900/(D14+273))*0.3*((0.6108*EXP(17.27*D14/(D14+237.3))) - (E14/100*(0.6108*EXP(17.27*D14/(D14+237.3))))) )/( ((4098*(0.6108*EXP(17.27*D14/(D14+237.3))))/((D14+237.3)^2)) + 0.066*(1+0.34*0.3)) -> 4.0533105 | J14: =0.75*( ((4098*(0.6108*EXP(17.27*D14/(D14+237.3))))/((D14+237.3)^2)) / ( ((4098*(0.6108*EXP(17.27*D14/(D14+237.3))))/((D14+237.3)^2)) + 0.066 ) ) *(H14/2.45) -> 3.9566067
... A41: {=INDEX('Clean Data_10min'!$H$2:$H$5688,1+144*(ROW()-2))} -> 45918 | B41: =_xlfn.MAXIFS('Clean Data_10min'!K:K, 'Clean Data_10min'!H:H, A41) -> 33.47 | C41: =_xlfn.MINIFS('Clean Data_10min'!K:K, 'Clean Data_10min'!H:H, A41) -> 19.92 | D41: =AVERAGEIFS('Clean Data_10min'!K:K, 'Clean Data_10min'!H:H, A41) -> 26.677083 | E41: =_xlfn.MAXIFS('Clean Data_10min'!L:L, 'Clean Data_10min'!H:H, A41) -> 99.779859 | F41: =MIN(OFFSET('Clean Data_10min'!$L$2,(ROW()-ROW($F$2))*145, 0, 145, 1)) -> 66.757195 | G41: =AVERAGEIFS('Clean Data_10min'!L:L, 'Clean Data_10min'!H:H, A41) -> 82.566271 | H41: =SUMIFS('Clean Data_10min'!M:M, 'Clean Data_10min'!H:H, A41)*600/1000000 -> 10.971084 | I41: =(0.408*((4098*(0.6108*EXP(17.27*D41/(D41+237.3))))/((D41+237.3)^2))*((1-0.23)*H41) + 0.066*(900/(D41+273))*0.3*((0.6108*EXP(17.27*D41/(D41+237.3))) - (E41/100*(0.6108*EXP(17.27*D41/(D41+237.3))))) )/( ((4098*(0.6108*EXP(17.27*D41/(D41+237.3))))/((D41+237.3)^2)) + 0.066*(1+0.34*0.3)) -> 2.5480848 | J41: =0.75*( ((4098*(0.6108*EXP(17.27*D41/(D41+237.3))))/((D41+237.3)^2)) / ( ((4098*(0.6108*EXP(17.27*D41/(D41+237.3))))/((D41+237.3)^2)) + 0.066 ) ) *(H41/2.45) -> 2.5427638
